Ключ,Значение,Название,Варианты,Пояснение,Не встречается
一,один,いち,,"Древний знак в виде короткой горизонтальной черты остался неизменным по сей день. Иероглиф обозначает: «один@@@ первый@@@ во-первых@@@ одинаковый@@@ единый@@@ единичный@@@ каждый@@@ отдельный@@@ весь@@@ сплошной@@@ целый» и др.
В качестве ключевого знака иероглиф «один» малоупотребителен.",
丨,вертикальная черта,たてぼう,,"Вертикальная черта в китайской иероглифике указывала на единство противоположностей@@@ т.е. верх и низ.
Поэтому этот иероглиф может обозначать «двигаться вперед и отступать@@@ подвигаться назад». В современном языке иероглиф обычно употребляется в значении «палка@@@ палочка (осевая черта в иероглифе)»@@@ а также знак@@@ заменяющий заглавный иероглиф в тексте словарной статьи в китайских словарях.
В качестве ключевого знака иероглиф «палка» малоупотребителен.",
丶,точка,てん,・,"Древний рисунок изображал свет@@@ исходящий от горящей лампы
В современном языке иероглиф употребляется в значениях: «пламя светильника»@@@ «точка@@@ знак@@@ символ».
В качестве ключевого знака иероглиф «точка» малоупотребителен.",
ノ,диагональная черта@@@ вниз налево@@@ часть,の,,"Древний иероглиф указывал направление справа налево и сверху вниз@@@ что передавало смысл «напротив@@@ наоборот@@@ противоположность@@@ противодействие».
В современном языке иероглиф обозначает откидную черту в составе иероглифа.
В качестве ключевого знака иероглиф малоупотребителен.",
乛,второй@@@ рыболовный крючок,おつ,乙@@@ 乚@@@ 𠃊@@@ 𠃋@@@ 𠃍@@@ 𠃌@@@ ⺄@@@ 𠃑,"Древняя пиктограмма ввиду своей простоты имеет несколько толкований. По одной версии@@@ это изображение небольшого ножа@@@ по другой - молодой побег растения ранней весной.
В современном языке иероглиф используется в разных значениях: «побег»@@@ «редкостный@@@ превосходный@@@ изысканный»@@@ «ласточка».
В качестве ключевого знака иероглиф «побег» употребляется сравнительно редко.",
亅,вертикальная черта с крючком@@@ крючок,はねぼう,,"Древний рисунок@@@ от которого произошел иероглиф «крючок»@@@ изображал шип@@@ колючку или крюк.
В качестве ключевого знака иероглиф «крючок» малоупотребителен.",
二,два,に,,"Древний рисунок изображал не только цифру 2@@@ но и в китайской философии землю и небо.
В современном языке иероглиф имеет значения: «два@@@ во-вторых@@@ второй@@@ двоякий@@@ двойной@@@ двойственный@@@ дважды@@@ раздвоение@@@ пара» и др.
В качестве ключевого знака иероглиф «два» малоупотребителен.",
亠,крышка,なべぶた,,"Древний рисунок обозначал верхушку крыши.
В современном языке иероглиф используется в значениях: «верхушка@@@ голова».
В качестве ключевого знака иероглиф «верхушка» малоупотребителен.",
人,человек,ひと,⺅,"Древняя пиктограмма изображала человека в профиль.
Современный иероглиф «человек» в сочетаниях с другими иероглифами может использоваться в разных значениях: «человечество@@@ род человеческий»@@@ «каждый человек@@@ люди»@@@ «взрослый@@@ солидный@@@ персона»@@@ «человек@@@ уроженец данной области@@@ государства»@@@ «работник@@@ рабочие руки»@@@ «лучшие стороны человеческой натуры@@@ таланты@@@ способности@@@ достоинство@@@ честь»@@@ «человеческий труд@@@ сделанное руками человека».
«Человек» - сильный ключевой знак. Располагаться может в левой части сложных иероглифов в виде ⺅.",
儿,ноги человека,ひとあし,,"Древняя пиктограмма изображала человека в движении с согнутой ногой.
Иероглиф получил значение «человек»@@@ «шагающий человек».
Самостоятельно иероглиф употребляется только в этих значениях.
В качестве ключевого знака иероглиф «шагающий человек» используется редко.",
入,входить,いる,,"Древний рисунок изображал вход.
В современном языке иероглиф@@@ произошедший от этого знака@@@ употребляется в значениях: «входить@@@ проникать@@@ вступать@@@ заходить» и др.
В качестве ключевого знака иероглиф «вход» малоупотребителен.",
八,восемь,はち,,"Происхождение иероглифа «восемь» связывают с двоичной системой измерения. Восемь - это самое большое среди простых чисел@@@ делящееся на два.
В современном языке иероглиф используется в значениях: «восемь@@@ восьмой@@@ восьмерной» и т.д. Кроме этого иероглиф употребляют в значениях «делить@@@ разделять».
В качестве ключевого знака «восемь» употребляется сравнительно нечасто.",
冂,огораживать,けいがまえ,,"Две вертикальные черты в древней идеограмме указывали на отдаленные друг от друга земли@@@ горизонтальная
- на связку между ними@@@ т.е. границу.
В современном языке иероглиф обозначает «отдаленные пустынные земли».
В качестве ключевого знака иероглиф малоупотребителен.",
冖,корона,わかんむり,,"Древняя пиктограмма «крышка» стала прообразом со-временного иероглифа «крышка@@@ покрывало@@@ покрышка».
В качестве ключевого знака иероглиф «крышка» используется сравнительно редко.",
冫,лёд@@@ капли воды,にすい,,"Точный смысл древней пиктограммы «лед» неизвестен@@@ хотя можно предположить@@@ что древние китайцы изобразили осколки льда или вершины гор@@@ покрытые льдом.
Самостоятельно иероглиф практически не употребляется и является слабым ключевым знаком@@@ входящим в такие иероглифы@@@ как «зима»@@@ «холодный»@@@ «замерзать».
Несмотря на его малоупотребительность@@@ иероглиф выделен в отдельный ключевой знак.",
几,стол,きにょう,⺇,"Древний рисунок чайного стола стал прообразом современного иероглифа «чайный столик».
В качестве ключевого знака иероглиф малоупотребителен.",
凵,открытая коробка,かんにょう,,"Древняя пиктограмма «рот» послужила прообразом еще одному иероглифу-ключу@@@ который выглядит несколько иначе и имеет значение «открытый рот».
Кроме указанного выше значения иероглиф может обозначать «вместилище@@@ посудина@@@ яма».
В качестве ключевого знака иероглиф «открытый рот» малоупотребителен.",
刀,меч,かたな,,"Древняя пиктограмма изображала нож. В современном языке иероглиф@@@ произошедший от этой пиктограммы@@@ обозначает: «нож@@@ бритва@@@ меч@@@ сечка@@@ резак@@@ резец@@@ в форме ножа (о каком-либо предмете)». В старину этот иероглиф обозначал медные деньги@@@ которые были в форме ножа.
Иероглиф «нож» является сильным ключевым знаком@@@ располагается обычно в правой части сложных иероглифов в видоизмененной форме 刂.",
力,сила,ちから ,,"Древняя пиктограмма@@@ от которой произошел современный иероглиф «сила»@@@ изображала руку с напрягшими-ся мускулами.
Иероглиф употребляется также в значениях: «способность@@@ воздействие@@@ энергия@@@ насилие@@@ принуждение@@@ трудовая повинность@@@ отработка» и др.
Иероглиф «сила» является сильным ключевым знаком@@@ причем может быть расположен в любой части сложных иероглифов.",
勹,оборачивать@@@ заворачивать,つつみがまえ,,"Древняя пиктограмма изображала нагнувшегося человека@@@ который собирается что-либо взять в охапку.
Современный иероглиф обозначает «обматывать@@@ завертывать».
В качестве ключевого знака используется редко.",
匕,ложка,さじ,,"Древняя пиктограмма изображала сидящего на земле человека.
В современном языке иероглиф имеет значения: «короткий клинок@@@ наконечник стрелы@@@ кинжал». Современный иероглиф «сидящий чело-
век» употребляется крайне редко.",
匚,коробка,はこがまえ,,"Древний рисунок изображал некую коробку для вещей.
В современном языке иероглиф употребляется в значениях: «коробка@@@ футляр@@@ ящик».
В качестве ключевого знака иероглиф «коробка» употребляется сравнительно редко.",
匸,прятать,かくしがまえ,,"Древний рисунок-идеограмма изображал некую вещь@@@ нечто@@@ спрятанное под крышкой или покрывалом (горизонтальная черта).
В современном языке иероглиф употребляется в значениях: «прятать@@@ содержать@@@ таить в себе».
В качестве ключевого знака иероглиф «прятать» употребляется сравнительно редко.",
十,десять,じゅう,,"Древний рисунок-идеограмма изображал стороны или направления: с севера на юг (вертикальная черта) и с востока на запад (горизонтальная черта)@@@ т.е. все стороны или направления или «десять» (в значении «много»).
В современном языке иероглиф употребляется в значениях: «десять@@@ десятикратный@@@ вдесятеро» и т.д.@@@ а также «много@@@ все».
В качестве ключевого знака иероглиф «десять» малоупотребителен.",
卜,волшебная палочка,ぼく,,"Древний рисунок изображал трещину от раскаленных щипцов на панцире черепахи при гадании.
В современном языке иероглиф употребляется в значениях: «гадать на панцире черепахи@@@ гадать@@@ предсказывать@@@ предрекать@@@ предугадывать@@@ предвидеть».
В качестве ключевого знака иероглиф «гадать» малоупотребителен.",
卩,печать@@@ сучок,ふしづくり,,"На древней пиктограмме был изображен сидящий чело-век@@@ подогнувший ноги под себя (в старину в Китае вытягивать ноги перед собой или свешивать вниз считалось неприличным).
Пиктограмма послужила основой двум иероглифам@@@ которые означают:  «бутон@@@ почка» и «колено». Может иметь более длинный хвост (например 厄).
Иероглифы примечательны тем@@@ что являются одинаковым ключевым знаком@@@ который в словарях находится под номером одним номером.",
厂,утёс,がんだれ,,"Иероглиф@@@ произошедший от древней пиктограммы@@@ изображавшей склон горы@@@ имеет значения «крутой берег»@@@ «обрыв»@@@ «круча».
Самостоятельно употребляется довольно редко.",
厶,личный@@@ я,む,,"Древний знак@@@ которым обозначалось слово «личный»@@@ изображал@@@ очевидно@@@ нос или ухо человека.
В современном языке иероглиф имеет значения «личный@@@ частный@@@ некто@@@ нечто».
В качестве ключевого знака иероглиф «личный» малоупотребителен.",
又,при этом@@@ кроме того,また,,"На древней пиктограмме «ладонь» пальцы показаны условно@@@ таким образом внимание концентрировалось на кисти руки.
в современном языке иероглиф в первоначальном значении практически не употребляется (может обозначать «правая рука») и используется в качестве наречий: «снова@@@ вновь@@@ опять@@@ еще раз@@@ сверх того@@@ в придачу» и др.@@@ а также некоторых союзных слов.
В качестве ключевого знака иероглиф «ладонь» малоупотребителен.",
口,рот,くち,,"Древняя пиктограмма@@@ от которой произошел современный иероглиф@@@ изображала открытый рот человека.
В современном языке иероглиф «рот» имеет также значения: «уста@@@ губы@@@ морда»@@@ «отверстие@@@ дыра@@@ прореха@@@ пробоина@@@ жерло (орудия)@@@ горлышко (сосуда)»@@@ «устье@@@ гавань@@@ порт»@@@ «вход@@@ выход@@@ проход»@@@ «слова@@@ речь@@@ ораторское искусство» и др.
Иероглиф «рот» - сильный ключевой знак.",
囗,граница,くにがまえ,,"Древний рисунок символизировал ограду@@@ крепостные стены города или границы государства.
Самостоятельно иероглиф «ограда» используется для замены пропущенного в тексте иероглифа или вместо иероглифов с большим количеством черт внутри: «окружность» или «страна».
В качестве ключевого знака иероглиф «ограда» применяется сравнительно редко.",
土,земля,つち,,"Древняя пиктограмма холма или бугра послужила основой для возникновения иероглифа «земля».
Самостоятельно иероглиф употребляется в значениях «земля»@@@ «почва»@@@ «участок земли»@@@ «местность»@@@ «территория».
Это сильный ключевой знак@@@ являющийся составной частью многих иероглифов@@@ остальные элементы сложного иероглифа конкретизируют или уточняют смысл целого@@@ так или иначе связанного с землей.",
士,самурай,さむらい,,"Древняя идеограмма «воин@@@ самурай» изображала единицу - горизонтальная черта и десять - пересечение черт@@@ те. воин@@@ самурай должен уметь исполнять десять дел (от одного до десяти). По другой версии@@@ горизонтальные черты - земля и люди. Вертикальная черта обозначает человека@@@ который на голову выше других@@@ т.е. самурай@@@ феодал.
Современный иероглиф используется в значениях: «самурай@@@ служилое сословие@@@ солдаты@@@ чиновник»@@@ «мужчина@@@ молодой человек»@@@ а также является родовой морфемой@@@ обозначающей профессии интеллектуального труда.
В качестве ключевого знака иероглиф «воин» малоупотребителен.",
夂,зима,のまた,,"Древняя идеограмма «начинать@@@ приступать» связана с изображением человека@@@ причем дополнительная черта указывала на действие ног@@@ что обозначало «следовать по пятам».
Самостоятельно иероглиф не употребляется.
В качестве ключевого знака иероглиф «начинать@@@ приступать» малоупотребителен. Пишется в верхней части иероглифа.",
夊,медленно идти@@@ волочить ноги,なつあし ,,"Древняя идеограмма «волочить ноги» связана с изображением человека@@@ причем дополнительная черта@@@ пересекающая ноги и руки@@@ обозначала «не спеша идти@@@ Волочить».
Самостоятельно иероглиф не употребляется.
В качестве ключевого знака иероглиф «волочить ноги»малоупотребителен. Пишется в нижней части иероглифа.",
夕,вечер,ゆうべ,,"Как говорилось ранее@@@ рисунок серпа молодой луны был основой возникновения иероглифа «вечер».
Более позднее начертание пиктограммы несколько отличается от «луны». Этим рисунком древние китайцы хотели@@@ скорее всего@@@ изобразить светило@@@ уходящее за склон горы@@@ тем самым обозначив наступление темноты.
Самостоятельно иероглиф употребляется в значении «вечер».
Как правило@@@ он является составной частью более сложных иероглифов@@@ редко являясь ключевым.",
大,большой,だい,,"Древний рисунок@@@ от которого произошел современный иероглиф «большой»@@@ изображала высокого человека.
Иероглиф имеет много значений: «большой@@@ крупный@@@ огромный»@@@ «грубый@@@ толстый@@@ широкий»@@@ «сильный@@@ мощный@@@ громкий»@@@ «первый@@@ старший@@@ уважаемый@@@ почетный»@@@ «крупный@@@ влиятельный@@@ могущественный»@@@ «великий» в названиях государств) и др.
Иероглиф «большой» - сильный ключевой знак@@@ входящий в состав многих иероглифов.",
女,женщина,おんな,,"Китайская иероглифика возникла в период патриархального строя@@@ и@@@ наверное@@@ поэтому древний рисунок женщины изображает ее сидящей с покорно сложенными перед грудью руками.
Современный иероглиф употребляется в значениях: «женщина@@@ девушка@@@ девица@@@ барышня@@@ дочь»@@@ «молодой@@@ маленький@@@ гибкий@@@ изящный»@@@ «женить@@@ служить».
Иероглиф «женщина» - сильный ключевой знак.",
子,ребёнок,こ,,"Древняя пиктограмма@@@ от которой произошел современный иероглиф «ребенок»@@@ изображала малыша с поднятыми вверх руками.
В современном языке иероглиф используется в значениях: «сын@@@ дочь@@@ потомок@@@ дитя@@@ детеныш»@@@ «плод@@@ семя@@@ яйцо@@@ икра»@@@ «проценты@@@ доход@@@ прибыль» и др.
В качестве ключевого знака иероглиф «ребенок» употребляется редко.",
宀,крыша,うかんむり,,"Древняя пиктограмма «крыша» представляла собой изображение конструкции дома в разрезе.
В современном языке иероглиф@@@ произошедший от этой пиктограммы@@@ используется в значениях «крыша дома@@@ здание@@@ строение».
Иероглиф «крыша» - сильный ключевой знак.",
寸,дюйм@@@ сун,すん,,"Древняя пиктограмма «вершок» - кисть руки с нанесенной на нее отметкой@@@ фиксирующей древнюю меру длины. С другой стороны@@@ рисунок обозначает место@@@ где меряют пульс.
Современный иероглиф употребляется в значениях: «кусочек@@@ чуточка@@@ крошечный@@@ ничтожно малый»@@@ «место биения пульса».
В качестве ключевого иероглифа «вершок» малоупотребителен.",
小,маленький,しょう,⺌,"Древняя идеограмма@@@ от которой произошел иероглиф «маленький»@@@ изображала нечто небольшое@@@ разделенное пополам или на три части.
В современном языке иероглиф имеет также значения: «мелкий@@@ небольшой@@@ малочисленный@@@ короткий@@@ тонкий»@@@ «частный@@@ ограниченный@@@ грубый@@@ простой» и др.
В качестве ключевого знака иероглиф «маленький» малоупотребителен.",
尢,хромая нога,だいのまげあし,,"Древняя пиктограмма@@@ явившаяся основой современно-го иероглифа «ошибка»@@@ изображала человека@@@ который оступился и подвернул себе ногу.
Иероглиф имеет также значения «калека@@@ колченогий@@@ кривоногий@@@ хилый@@@ слабый».
В качестве ключевого знака иероглиф малоупотребителен.",
尸,труп,しかばね,,"Древняя пиктограмма@@@ от которой произошел современный иероглиф «труп»@@@ изображала неподвижно лежащего ничком человека.
Иероглиф употребляется также в значениях: «ритуальная статуя@@@ икона»@@@ «лежать раскинувшись»@@@ «возглавлять@@@ ведать@@@ распоряжаться»@@@ «принимать на себя@@@ нести ответственность»@@@ «попусту занимать (место)@@@ напрасно@@@ зря».
В качестве ключевого знака иероглиф «труп» используется сравнительно редко.",
屮,росток,くさのめ,,"Иероглиф «росток»@@@ «побег» произошел от древней пиктограммы@@@ изображавшей только что пробившийся на свет тонкий стебелек растения.
Самостоятельно иероглиф употребляется только в этих значениях.
В качестве ключевого знака используется лишь в нескольких иероглифах.",
山,гора,やま,,"Иероглиф «гора» произошел от рисунка@@@ на котором древние китайцы изобразили гору с тремя вершинами@@@ хотя вполне возможно@@@ что прообразом современного иероглифа стало изображение горы и деревьев@@@ растущих на ней (в переносном смысле иероглиф обозначает «лес»).
Самостоятельно иероглиф употребляется в значениях: «гора»@@@ «рудник»@@@ «прииск»@@@ «копи»@@@ «груда»@@@ «куча».
«Гора» - сильный ключевой знак@@@ который в составе сложного иероглифа вносит какое-либо из перечисленных выше значений.",
川,извилистая река,まがりがわ,巛,"Разливы рек часто были причиной стихийных бедствий@@@ поэтому изображение водного потока@@@ реки древние китайцы выделили в отдельный знак.
Таким образом появился иероглиф «река». В качестве ключевого знака он употребляется редко@@@ иногда в несколько измененной форме 巛.",
工,рабочий@@@ навык,たくみ,,"Древняя идеограмма@@@ от которой произошел иероглиф «работа»@@@ имеет несколько толкований. Две горизонтальные черты - это два уровня@@@ вертикальная черта - специальный строительный отвес для точности измерения. Все вместе обозначает «работу». По другой вер-сии@@@ две горизонтальные черты - земля и небо. Вертикальная - человек. Т.е. предназначение человека между землей и небом состоит в совершении какой-либо деятельности или «работы».
В современном языке иероглиф имеет также значения: «труд@@@ строительство@@@ ремесло@@@ мастерство» и др.
В качестве ключевого знака иероглиф «работа» мало-употребителен.",
己,сам@@@ змея,おのれ,,"Древняя пиктограмма из-за своей простоты имеет несколько толкований. По одной версии@@@ это изображение змеи@@@ по другой - шелковая нить.
В современном языке иероглиф используется в значениях: «сам@@@ себя@@@ самолично»@@@ «управлять@@@ приводить в порядок@@@ устраивать@@@ налаживать».
В качестве ключевого знака иероглиф «сам» употребляется сравнительно редко.",
巾,одежда,はば,,"Древний рисунок@@@ от которого произошел иероглиф «платок»@@@ изображал наброшенное на плечи полотно.
Иероглиф употребляется также в значениях: «полотен-це@@@ головная повязка@@@ тюрбан@@@ шапочка»@@@ «покрывать@@@ одевать».
Иероглиф «платок» - сильный ключевой знак.",
干,сушить,かん,,"Древняя пиктограмма изображала используемый для защиты при боевых действиях щит воина.
В современном языке иероглиф@@@ произошедший от этой пиктограммы@@@ используется в значениях: «щит@@@ щиток (род мишени)@@@ шест@@@ жердь@@@ древко (флага)»@@@ а также «вмешиваться@@@ вторгаться@@@ затрагивать@@@ преступать@@@ нарушать» и др.
В качестве ключевого знака иероглиф «щит» малоупотребителен.",
幺,короткая нить,いとがしら,,"Древняя пиктограмма@@@ от которой произошел иероглиф «крошечный»@@@ изображала часть выделяемой гусеницей шелкопряда шелковинки.
В современном языке иероглиф имеет значения: «маленький@@@ крошечный@@@ один».
В качестве ключевого знака иероглиф «крошечный» малоупотребителен.",
广,наклонная крыша@@@ дом на скале,まだれ,,"Древняя пиктограмма «навес» практически осталась без изменений по сей день. Современный иероглиф употребляется в значениях «навес@@@ скат крыши».
Иероглиф «навес» является сильным ключевым знаком.",
廴,большой шаг,えんにょう,,"Древний рисунок@@@ который изображал часть улицы и след ноги@@@ стал прообразом иероглифа «продвигаться».
В современном языке иероглиф имеет также значение «тянуть@@@ растягивать».
В качестве ключевого знака иероглиф малоупотребителен.",
廾,две руки@@@ двадцать,にじゅうあし,,"Древняя пиктограмма «рука» послужила прообразом иероглифу-идеограмме@@@ который в современном языке обозначает «руки@@@ сложенные для приветствия».
В качестве ключевого знака иероглиф малоупотребителен.",
弋,копьё@@@ стрела@@@ церемония,いぐるみ,,"Древняя пиктограмма изображала старинное оружие «клевец» (багор на длинной рукоятке с поперечным лезвием). От нее произошел еще один иероглиф - «охотиться». В отличие от иероглифа «алебарда» поздняя форма иероглифа имела на одну черту меньше.
Самостоятельно иероглиф употребляется также в значениях: «стрелять@@@ добыть (на охоте)@@@ получить@@@ взять@@@ схватить@@@ поймать»@@@ «столбик@@@ колышек@@@ веха@@@ сеть» и др.
В качестве ключевого знака иероглиф «охотиться» малоупотребителен.",
弓,лук (оружие),ゆみ,,"Древний рисунок@@@ изображавший лук@@@ стал прообразом современного иероглифа@@@ который употребляется в значениях: «лук@@@ самострел@@@ гнутый@@@ изогнутый@@@ сводчатый»@@@ «стрелять из лука@@@ сгибать@@@ подгибать».
Иероглиф «лук» является сильным ключевым знаком.",
彐,голова свиньи,けいがしら,彑@@@ ⺕,"Иероглиф «свиная голова»@@@ несмотря на его малоупотребительность@@@ был выделен в самостоятельный ключевой знак. Как правило он располагается в верхней части сложных иероглифов.
Самостоятельно используется тоже редко.
В качестве ключа принимает также формы:
彑@@@ ⺕",
彡,щетина@@@ пучок волос,さんづくり,,"Современный иероглиф «пух» мало чем отличается от древней пиктограммы@@@ на которой китайцы изобразили три отдельные перышка.
Самостоятельно иероглиф употребляется в значениях «пух»@@@ «шерсть» и «штриховка».
В качестве ключевого знака иероглиф малоупотребителен.",
彳,шаг@@@ идти,ぎょうにんべん,,"Древняя пиктограмма@@@ от которой произошел иероглиф «шаг»@@@ изображала часть пересечения дорог.
В современном языке самостоятельно иероглиф употребляется в значении «шагнуть левой ногой».
Иероглиф «шаг» является сильным ключевым знаком.",
心,стоящее сердце,りっしんべん,忄,"Древняя пиктограмма «сердце» восходит к внешнему воспроизведению этого органа.
Современный иероглиф употребляется в значениях: «сердце@@@ сердечный@@@ душа@@@ дух»@@@ «грудь@@@ грудная полость»@@@ «ум@@@ интеллект@@@ рассудок@@@ мысль»@@@ «желания@@@ намерения@@@ настроения»@@@ «центр@@@ середина@@@ сердцевина»@@@ «воля@@@ решимость@@@ устремленность» и др.
Иероглиф «сердце» является сильным ключевым знаком. Может располагаться в левой части сложных знаков
в виде 忄.",
戈,алебарда,ほこ,,"Древняя пиктограмма изображала старинное оружие «клевец» (багор на длинной рукоятке с поперечным лезвием).
В современном языке иероглиф имеет также значения «копье@@@ алебарда»@@@ «воина@@@ столкновения@@@ стычки@@@ военные действия».
В качестве ключевого знака иероглиф «алебарда» малоупотребителен.",
戶,дверь,と,戸,"Рисунок одной створки обозначал «двор». Иероглиф@@@ произошедший от этой пиктограммы@@@ употребляется также в значениях: «дверь@@@ отверстие@@@ вход@@@ хозяйство@@@ семья@@@ род» и др.
В качестве ключевого знака иероглиф «двор» малоупотребителен.",
手,рука,てへん,扌,"Древняя пиктограмма «рука» представляла собой изображение пятипалой человеческой ладони.
В современном языке иероглиф используется в значениях: «рука@@@ руки@@@ кисть руки@@@ ладонь@@@ рука помощи@@@ подмога»@@@ «умение@@@ мастерство@@@ техника@@@ искусство»@@@ «мастер@@@ дока@@@ умелец» и др.
Иероглиф «рука» является сильным ключевым знаком@@@ входящим в состав многих иероглифов. Часто располагается слева в виде 扌.",
支,ветка,しにょう,,"Древняя пиктограмма изображала руку с палкой или бревном.
В современном языке этот рисунок стал прообразом иероглифа «подпорка@@@ колонна@@@ столб». Кроме данных значений он используется как «поддерживать@@@ держать@@@ подпирать»@@@ «рассчитывать@@@ вычислять@@@ подсчитывать» и др.
В качестве ключевого знака иероглиф «подпорка» употребляется редко.",
攵,складной стул@@@ деятельность,ぼくづくり,攵@@@攴,"Древняя пиктограмма изображала руку с палкой.
Современный иероглиф@@@ произошедший от нее@@@ употребляется в значении «ударять».
Иероглиф «ударять» является сильным ключевым знаком.",
文,предложение@@@ литература@@@ фраза,ぶん,,"Древняя пиктограмма «знак» изображала человека с татуировкой на груди.
Современный иероглиф употребляется в значениях: «письменность@@@ литература@@@ культура@@@ образование@@@ знания»@@@ «украшение@@@ отделка@@@ узор@@@ орнамент@@@ элегантность» и др.
В качестве ключевого знака иероглиф «знак» мало-употребителен.",
斗,ковш@@@ черпак,ますづくり,,"Древняя пиктограмма представляла собой некий ковш для измерения сыпучих и жидких тел.
Современный иероглиф@@@ произошедший от нее@@@ употребляется в значениях: «мера@@@ мерка@@@ ковш@@@ черпак@@@ чаша@@@ чашка@@@ сосуд».
В качестве ключевого знака иероглиф «мерка» мало-употребителен.",
斤,топор,おのづくり,,"Древняя пиктограмма изображала топор.
Современный иероглиф@@@ произошедший от нее@@@ употребляется в значениях: «топор@@@ секира@@@ рубить@@@ вес@@@ по весу». Кроме этого@@@ иероглиф входит в название товаров@@@ грузов@@@ измеряемых весом.
В качестве ключевого знака иероглиф «топор» малоупотребителен.",
方,направление@@@ сторона,ほう,,"Основой современного иероглифа «сторона@@@ квадрат» послужил рисунок двух лодок@@@ стоящих рядом. Изобразив стоящие рядом лодки@@@ древние китайцы передали понятие «сторона»@@@ т.е. сравнивать стороны. Вполне очевидно@@@ что еще одно значение этого иероглифа - «квадрат» - появилось в результате того@@@ что древние лодки имели четыре угла (форма прямоугольника).
В современном языке иероглиф употребляется в значениях: «квадрат@@@ сторона@@@ направление» и др.
В качестве ключевого знака иероглиф «сторона» малоупотребителен.",
无,не,むにょう,,"Древняя идеограмма@@@ от которой произошел современный иероглиф «ничто@@@ небытие»@@@ скорее всего была связана с условным изображением человека и черточек@@@ обозначающих небесные сферы. Одна из версий происхождения этого иероглифа гласит@@@ что верхняя основная часть знака связана с иероглифом 天 «небо» (в котором тоже присутствует изображение человека)@@@ в этом случае смысл идеограммы заключается в изображении небесного безвоздушного пространства или пустоты - «ничто». По другой версии@@@ две горизонтальные черты - небо@@@ в котором находится голова человека (нижний элемент знака)@@@ в этом случае передается смысл «небытие».
В качестве ключевого знака иероглиф «небытие» малоупотребителен.",
日,день@@@ солнце,ひ,,"Один из первых иероглифов@@@ которые изучают в Китае@@@ Японии или других странах@@@ куда проникла «китайская грамота»@@@ это иероглиф «солнце».
Древние китайцы рисовали солнечный диск с точкой посередине. Несколько позднее вместо точки появилась горизонтальная черта и более овальная форма.
С появлением кисти иероглиф стал похож на окошечко.
Так он выглядит и поныне@@@ обозначая собой «солнце» или слова@@@ связанные с ним по смыслу: «день»@@@ «воскресенье»@@@ «праздник»@@@ а также он стоит первым в названии Японии.
Иероглиф употребляется как самостоятельно@@@ так и в качестве составного элемента более сложных знаков@@@ как правило@@@ в качестве сильного ключевого элемента.",
曰,говорить,ひらび,,"Древняя пиктограмма «говорить» отличалась от рисунка «рот» тем@@@ что было отмечено присутствие языка во рту.
Современный иероглиф употребляется в значениях: «изрекать@@@ гласить@@@ зваться@@@ называться@@@ зовется@@@ именуется».
Внешне иероглиф похож на знак «солнце» (日).
В качестве ключевого знака иероглиф «говорить» употребляется редко.",
月,луна@@@ месяц,つき,,"Серп молодой луны стал исходным символом для возникновения двух различных иероглифов «луна» и «вечер».
Самостоятельно иероглиф «луна» употребляется в значениях «луна»@@@ «понедельник»@@@ «месяц»@@@ как в качестве светила@@@ так и в календаре: в этом случае перед иероглифом «месяц» ставится числительное.
В качестве ключевого элемента «луна» используется довольно редко@@@ обычно он стоит в левой части составного иероглифа и реже справа. В сокращенной форме его часто путают с иероглифом «мясо»@@@ который мы рассмотрим позже.",
木,дерево,き,,"Рисунок дерева изображал ствол@@@ корни и ветви.
На примере иероглифа-ключа «дерево» наглядно построение иероглифов-идеограмм@@@ о которых мы говорили в предисловии: два «дерева»@@@ объединенных в один знак - иероглиф «лес»@@@ три «дерева» - «чаща».
Самостоятельно иероглиф употребляется в двух значениях: дерево как растение и дерево - материал.
«Дерево» - один из самых употребительных ключевых знаков@@@ поскольку трудно представить себе область человеческой деятельности и жизни@@@ где бы оно не употреблялось@@@ что@@@ естественно@@@ нашло отражение в иероглифике.",
欠,недоставать,あくび,,"Современный иероглиф «зевать» произошел от древнего рисунка@@@ на котором был изображен человек с широко открытым ртом.
Кроме указанного выше значения иероглиф также означает: «недоставать@@@ не хватать»@@@ «задолжать@@@ быть в долгу».
В качестве ключевого знака иероглиф «зевать» мало-употребителен.",
止,остановиться,とめる,,"Изначально древняя пиктограмма «останавливаться»
представляла собой след человеческой ноги рядом с линией@@@ символизирующей поверхность земли.
В современном языке иероглиф имеет значения: «стоять@@@ останавливаться@@@ задерживаться»@@@ «воздерживаться@@@ прекращать@@@ обрывать»@@@ «остановка@@@ предел@@@ граница» и др.
В качестве ключевого знака иероглиф «стоять» малоупотребителен.",
歹,смерть,がつ,,"Древний знак@@@ изображавший кость@@@ явился праосновой современному иероглифу «останки».
Кроме этого значения иероглиф употребляется также в значениях «истлевшие кости»@@@ «мертвая кость» и в качестве прилагательных «дурной»@@@ «плохой»@@@ «злой»@@@ «порочный.
В качестве ключевого знака иероглиф «останки» используется редко.",
殳,оружие@@@ копье,るまた,,"Древний рисунок руки с палкой@@@ к которой прикреплен наконечник@@@ явился праосновой иероглифа «пика».
В современном языке иероглиф употребляется в значении «пика (бамбуковая)@@@ дреколье».
В качестве ключевого знака иероглиф «пика» употребляется редко.",
母,мать,なかれ,,"Древняя пиктограмма женщины@@@ приготовившейся кормить ребенка@@@ дала основу иероглифу «мать».
В настоящее время иероглиф используется в значениях: «мать@@@ мама@@@ матушка»@@@ «самка@@@ матка@@@ кормилица@@@ производительница»@@@ «основная часть@@@ основа@@@ капитал»@@@ «производящая@@@ образующая».
В качестве ключевого знака иероглиф «мать» употребляется редко.",
比,сравнивать,くらべる,,"Иероглиф «сравнивать» произошел от древней пиктограммы «сидящий человек». Для образования идеограммы «сравнивать» древние китайцы сопоставили эти два знака рядом.
Современный иероглиф употребляется в значениях: «сравнивать@@@ сопоставлять@@@ соревноваться»@@@ «копировать@@@ брать пример@@@ подбирать людей» и др.
В качестве ключевого знака иероглиф «сравнивать»
малоупотребителен.",
毛,шерсть@@@ волосы,け,,"Древняя пиктограмма@@@ от которой произошел иероглиф «шерсть»@@@ изображала пучок шерсти какого-то мохнатого животного.
Современный иероглиф используется в значениях: «шерсть»@@@ «волосяной покров»@@@ «мех» и др.@@@ а также «растительность»@@@ «зелень»@@@ «урожай» и др.
В качестве ключевого знака иероглиф «шерсть» малоупотребителен.",
氏,клан,うじ,,"Древний рисунок человека со свертком в руках послужил основой современному иероглифу «нести».
В современном языке иероглиф употребляется в значениях «род@@@ фамилия»@@@ «господин@@@ вельможа@@@ царствующий дом@@@ династия».
Иероглиф «нести» в качестве ключевого знака употребляется крайне редко.",
气,дух,きがまえ,,"Древняя пиктограмма «пар» представляет собой струящиеся нити от горячего источника или озера.
Иероглиф употребляется в нескольких значениях: «воз-дух»@@@ «газ»@@@ «пар»@@@ в прямом и переносном смысле: «атмосфера»@@@ «энергия»@@@ «дух»@@@ «чувства»@@@ «настроения».
С этим иероглифом связано много устойчивых идиоматических выражений.
В качестве ключевого знака «пар» используется редко.",
水,вода,さんずい,氵,"Древний рисунок водного потока или реки послужил прообразом современного иероглифа «вода».
Как видно из древней пиктограммы - это или извилистая речка между валунами у беретов@@@ либо небольшие заводи@@@ образующиеся вдоль бурного потока.
Самостоятельно иероглиф используется в значениях «вода»@@@ «река»@@@ «море»@@@ «жидкость».
Иероглиф «вода» - это сильный ключевой знак@@@ находящийся в составе многих иероглифов.
В качестве ключа он обычно располагается в левой части знака и принимает сокращенную форму氵.",
火,огонь,ひ,灬,"Основой современного иероглифа «огонь»@@@ «пламя»@@@ «свет»@@@ «пожар» послужила древняя пиктограмма@@@ которой древние китайцы изобразили языки пламени костра или огонь@@@ извергающийся из жерла вулкана.
В современном начертании иероглиф похож на бегущего (от пожара) человечка.
В перечисленных выше значениях иероглиф «огонь» употребляется также и в иероглифических сочетаниях.
Это сильный ключевой знак. В иероглифах он может также выглядеть в виде четырех капель 灬 в нижней части знака.",
爪,коготь,つめ,⺥,"Древняя пиктограмма «когти»@@@ послужившая прообразом современному иероглифу@@@ изображала скорее всего когти какой-то хищной птицы.
Самостоятельно иероглиф употребляется в значениях: «коготь»@@@ «ноготь»@@@ «лапа»@@@ «чесать»@@@ «скрести».
В качестве ключевого знака иероглиф «когти» мало-употребителен. В сложных иероглифах располагается@@@ как правило@@@ в верхней части знака в виде ⺥.",
父,отец,ちち,,"Древняя пиктограмма «отец» представляла собой изображение руки@@@ держащей символ семейной власти.
В современном языке иероглиф используется в значениях: «отец@@@ старший родственник@@@ папаша@@@ батюшка@@@ почтенный».
В качестве ключевого знака иероглиф «отец» употребляется крайне редко.",
爻,перемешивать,こう,,"Древний рисунок изображал перекрещенные бамбуковые палочки@@@ применяемые для счета.
Произошедший от него иероглиф обозначает «черту в гексаграмме («И-цзина»)».
В качестве ключевого знака иероглиф малоупотребителен.",
爿,расколотая древесина,しょうへん,,"Древняя пиктограмма «доска» представляла собой часть расщепленного ствола дерева.
Самостоятельно иероглиф употребляется только в этом значении.
В качестве ключевого знака иероглиф «доска» мало-употребителен@@@ располагается часто слева в виде 丬.",
片,одна сторона,かた,,"Древняя пиктограмма «щепка» представляла собой часть расщепленного ствола дерева.
В современном языке иероглиф употребляется в значениях: «щепка@@@ дощечка@@@ стружка@@@ хлопья@@@ лепесток@@@ пластинка@@@ полоска@@@ ломтик@@@ клочок»@@@ «расщеплять@@@ нарезать@@@ остругивать@@@ обрезать» и др.
В качестве ключевого знака иероглиф «щепка» употребляется сравнительно редко.",
牙,клык,きば,,"Древняя пиктограмма «зуб» изображает@@@ вероятно@@@ бугорки на поверхности коренного зуба.
В современном языке иероглиф используется в значениях: «зуб@@@ клык@@@ зубец@@@ выступ@@@ зубчатый». В переносном смысле может означать: «знамя главнокомандующего@@@ главное войсковое знамя@@@ государственное учреждение» и др.
В качестве ключевого знака иероглиф «зуб» употребляется редко.",
牛,корова,うし,,"Древняя пиктограмма@@@ от которой произошел иероглиф «корова»@@@ изображала коровью голову с ротами.
Современный иероглиф обозначает: «крупный рогатый скот»@@@ «бык»@@@ «буйвол»@@@ «вол»@@@ «говяжий». Кроме этих значений может употребляться в значениях: «упрямый»@@@ «строптивый».
В качестве ключа иероглиф располагается@@@ как правило@@@ в левой части сложного иероглифа@@@ немного «сужаясь» 牜.",
犬,собака,けものへん,,"На древней пиктограмме не так сложно узнать собаку@@@ рисунок которой послужил основой современному иероглифу «собака»@@@ «пес».
Этот ключевой знак интересен тем@@@ что может располагаться как в правой@@@ так и в левой части сложных иероглифов. Причем в правой части знак остается без изменения@@@ а в левой принимает форму 犭 и имеет значение «животное».
«Собака» - сильный ключевой иероглиф.",
玄,темнота,げん,,"Древняя идеограмма@@@ от которой произошел иероглиф «темный»@@@ изображала нечто небольшое (коконы шелкопряда)@@@ накрытое крышкой или покрывалом. в современном языке иероглиф употребляется также в значениях: «скрытый@@@ незаметный@@@ тайный@@@ таинственный@@@ непостижимый» и др.
В качестве ключевого знака иероглиф «темный» мало-употребителен.",
王,драгоценность@@@ король,おうへん,,"Древняя идеограмма явилась праосновой двум различным иероглифам@@@ которые впоследствии стали ключевыми знаками.
Первый иероглиф - 王 «царь». Согласно одной из версий происхождения этого иероглифа@@@ три горизонтальные черты обозначали соответственно небо@@@ людей и землю. Вертикальная черта символизировала того@@@ кто осуществляет связь между небом@@@ людьми и землей@@@ т.е. царь. Кроме этого иероглиф употребляется в значениях: «князь@@@ государь@@@ монарх@@@ правитель@@@ главарь@@@ вождь».
Второй иероглиф представлял собой 玉 «яшму»: три горизонтальные черты - драгоценные камни@@@ вертикальная черта - связующая нить. Для отличия иероглифов в «яшме» ввели дополнительную черту в виде капли. Кроме яшмы иероглиф обозначает: «нефрит@@@ самоцвет@@@ драгоценность» и др.",
瓜,дыня,うり,,"Древний иероглиф скорее всего схематически изображал некую бахчевую культуру.
Самостоятельно иероглиф употребляется в значениях: «дыня»@@@ «тыква»@@@ «арбуз»@@@ «бахчевые культуры».
В качестве ключевого знака иероглиф «дыня» мало-употребителен.",
瓦,черепица,かわら,,"Изображение двух черепиц@@@ соединенных между собой на крыше@@@ образовало пиктограмму «черепица». Иероглиф@@@ произошедший от этой пиктограммы@@@ употребляется в значениях: «черепица@@@ изразец@@@ глиняные (гончарные) изделия@@@ керамика@@@ фаянс»@@@ «крыть (облицовывать) черепицей (изразцами)».
В качестве ключевого знака иероглиф «черепица» малоупотребителен.",
甘,сладкий,あまい,,"Древняя пиктограмма@@@ от которой произошел современный иероглиф «сладкий»@@@ изображала рот с чем-то вкусным внутри.
Иероглиф используется в значениях: «сладкий@@@ вкусный@@@ приятный@@@ радостный»@@@ «сласти@@@ лакомства@@@ яства» и Ар.
В качестве ключевого знака иероглиф «сладкий» мало-употребителен.",
生,жизнь,うまれる,,"Древняя пиктограмма@@@ от которой произошел иероглиф «жизнь»@@@ изображала маленький росток@@@ пробившийся чрез земную толщу.
Иероглиф имеет множество значений@@@ так или иначе связанных с появлением чего-либо: «жизнь»@@@ «существование»@@@ «производить»@@@ «порождать»@@@ «возникать»@@@ «по-являться»@@@ «происходить»@@@ «рожать»@@@ «плодоносить» и т.п.
В качестве ключевого знака используется довольно редко.",
用,использовать,もちいる,,"Древний рисунок@@@ от которого произошел современный иероглиф «использовать»@@@ имеет несколько толкований.
Одно из них гласит@@@ что рисунок изображал изгородь@@@ используемую в качестве ограждения поля для выпаса животных.
В современном языке иероглиф используется в значениях: «применять@@@ употреблять@@@ пускать в дело@@@ использовать на работе@@@ управлять»@@@ «дело@@@ надобность@@@ пригодность@@@ применение@@@ расходы@@@ трата».
В качестве ключевого знака иероглиф малоупотребителен.",
田,рисовое поле,た,,"Древняя пиктограмма «поле» изображала участок земли@@@ разделенный продольными и поперечными межами.
Современный иероглиф употребляется в значениях: «поле@@@ земля@@@ надел@@@ пахота@@@ нива@@@ земледелие@@@ хлебопашество»@@@ «обрабатывать землю@@@ возделывать».
В качестве ключевого знака иероглиф «поле» используется сравнительно редко.",
疋,численность,ひき,⺪,"Первоначальное значение пиктограммы «нога» - нога человека в целом@@@ начиная от бедра.
Современный иероглиф употребляется в значении «но-та в движении».
В качестве ключевого знака иероглиф «нога» мало-употребителен.⺪",
疒,болезнь,やまいだれ,,"Древняя пиктограмма «болезнь» изображала лежащего на постели человека@@@ на теле которого выступили капли пота@@@ т.е. страдающего от тяжкого недуга.
Современный иероглиф самостоятельно употребляется только в этом значении. В составе сложных знаков указывает@@@ что иероглиф обозначает какое-либо заболевание.
Иероглиф «болезнь» - сильный ключевой знак.",
癶,отправляться@@@ шаги,はつがしら,,"Древний рисунок следов двух ног обозначал «топтать».
В современном языке кроме этого значения иероглиф обозначает «раскоряченные ноги».
Иероглиф «топтать» является сильным ключевым знаком. Располагается обычно в верхней части сложных иероглифов.",
白,белый,しろ,,"Происхождение иероглифа «белый» связывают с цветом захода солнца. Идеограмма@@@ от которой произошел иероглиф@@@ представляла собой знак «входить@@@ заходить» и две горизонтальные черты («два»)@@@ которые относятся к понятию «Инь». Поэтому белый цвет на Востоке является цветом траура. Позднее иероглиф приобрел форму@@@ схожую с изображением солнца.
Современный иероглиф употребляется в значениях:
«Белый@@@ серебристый@@@ седой@@@ чистый@@@ светлый@@@ ясный» и др.
В качестве ключевого знака иероглиф «белый» употребляется нечасто.",
皮,прятаться,けがわ,,"Древняя пиктограмма «сырая кожа» изображала шкуру животного@@@ которую держит рука.
Современный иероглиф имеет значения: «кожа»@@@ «мех»@@@ «шкура»@@@ «кора»@@@ «кожура»@@@ «оболочка»@@@ а также «зачерстветь»@@@ «отвердеть» и др.
В качестве ключевого знака иероглиф «сырая кожа»
малоупотребителен.",
皿,тарелка,さら,,"Древняя пиктограмма@@@ от которой произошел иероглиф «сосуд»@@@ изображала чашу на толстой ножке. В современном языке иероглиф употребляется в значениях «Сосуд@@@ посуда@@@ утварь».
В качестве ключевого знака иероглиф «сосуд» мало-употребителен.",
目,глаз,め,,"На древней пиктограмме без труда можно узнать человеческий глаз.
Современный иероглиф употребляется в значениях: «глаз@@@ глаза@@@ взор@@@ взгляд»@@@ «подразделение@@@ подзаголовок@@@ статья@@@ обзор@@@ свод»@@@ «название@@@ заглавие@@@ титул@@@ указатель@@@ индекс» и др.
Иероглиф «глаз» является сильным ключевым знаком.
Часто располагается слева. В верхней части сложного знака может иметь форму 罒.",
矛,алебарда,ほこ,,"Древнее изображение копья в своем первоначальном виде вполне понятно. Современный иероглиф «копье» употребляется также в значениях «копье@@@ рогатина@@@ китайский протазан».
Иероглиф «копье» является слабым ключевым знаком.",
矢,стрела,や,,"Древняя пиктограмма изображала стрелу@@@ приготовленную для выпуска из лука.
В современном языке иероглиф употребляется в значениях: «стрела@@@ вектор»@@@ «клясться@@@ присягать». В переносном смысле иероглиф имеет значения: «испражнения@@@ экскременты@@@ кал».
В качестве ключевого знака иероглиф «стрела» употребляется нечасто.",
石,камень,いし,,"Осколок@@@ отколовшийся от скалы@@@ послужил основой иероглифу «камень».
Кроме этого значения иероглиф обозначает в Японии меры емкости: 180@@@4 литра@@@ для риса - приблизительно 150 кг@@@ для лесоматериала@@@ камня и т.п. - 0@@@28 куб. м.
Иероглиф «камень» является сильным ключевым знаком.
В составе сложных иероглифов может вносить смысл некоей твердой субстанции@@@ инструмента или строения.",
示,показывать@@@ указывать,しめすへん,,"Древний рисунок@@@ от которого произошел иероглиф «алтарь»@@@ изображал небольшой столик@@@ используемый для жертвоприношений.
В современном языке этот иероглиф употребляется в значениях: «выражать@@@ изъявлять@@@ уведомлять@@@ сообщать@@@ учить@@@ поучать» и др.
Иероглиф «алтарь» является сильным ключевым знаком@@@ располагается часто в левой части сложных иероглифов в виде ネ.",
禸,след,じゅうのあし,,"Древняя пиктограмма@@@ изображавшая отпечаток лапы какого-то зверя или животного@@@ послужила прообразом современному иероглифу «след».
Самостоятельно иероглиф употребляется только в этом значении.
В качестве ключевого знака «след» малопродуктивен.",
禾,зерно,のぎへん,,"Древняя пиктограмма@@@ от которой произошел современный иероглиф «злак»@@@ «колос»@@@ изображала корни и стебель растения@@@ согнувшегося под тяжестью зерен.
Кроме этих значений иероглиф может употребляться в значении «разведение хлебов»@@@ «хлебопашество». В сочетании с другими - обозначает злаковые или зерновые культуры.
«Злак»@@@ «колос» - сильный ключевой знак@@@ входящий во многие иероглифы.",
穴,пещера,あな,,"Знак «пещера» изображал свод или отверстие@@@ образованное двумя глыбами камней.
Самостоятельно иероглиф обозначает: «отверстие»@@@ «дыра»@@@ «скважина»@@@ «щель»@@@ «трещина»@@@ «яма»@@@ «впади-на»@@@ «нора». В переносном смысле имеет также значения: «недостача»@@@ «дефицит».
В составе сложных иероглифов «пещера» обычно располагается в верхней части знака.
Иероглиф «пещера» - сильный ключевой знак.",
立,стоять,たつ,,"Древняя пиктограмма «стоять» изображала твердо стоящего на ногах человека.
Современный иероглиф имеет множество значений: «неподвижный@@@ подниматься@@@ вертикальный»@@@ «вставать на ноги@@@ становиться самостоятельным»@@@ «начинаться@@@ быть основанным@@@ учрежденный»@@@ «получать назначение@@@ вступать на пост@@@ определяться на службу» и др.
В качестве ключевого знака иероглиф «стоять» часто применяем. Это сильный ключ.",
竹,бамбук,たけ,,"Древнее изображение бамбука схоже с рисунком травы@@@ только побеги направлены вниз@@@ а не вверх.
Самостоятельно иероглиф используется в значении
«Бамбук».
Поскольку в древности на Востоке бамбук широко при-менялся в повседневной жизни для различных изделий и предметов обихода@@@ этот знак вошел в качестве ключевого в большое количество иероглифов. Поэтому «бамбук» - сильный ключевой знак. Как правило@@@ он располагается в верхней части иероглифов в несколько «укороченном» виде.",
米,рис,こめ,,"Современный иероглиф «рис»@@@ «зерно» произошел от древней пиктограммы@@@ на которой были изображены зерна@@@ вышелушенные из колосьев.
Самостоятельно иероглиф употребляется также в значениях «очищенное зерно»@@@ «крупа».
В сочетаниях с другими иероглифами@@@ кроме перечисленных выше@@@ обозначает «Америка» (сокращенно от четырех иероглифов@@@ образующих название).
«Рис» - сильный ключевой знак@@@ который может располагаться в различных частях сложных иероглифов.",
糸,нитка,いと,,"Древняя пиктограмма@@@ от которой произошел иероглиф «нить»@@@ изображала выделяемую гусеницей шелкопряда шелковинку.
В современном языке иероглиф имеет значения: «нить@@@ нитка@@@ леска»@@@ «ничтожное количество@@@ йота».
Иероглиф «нить» является сильным ключевым знаком@@@ располагающимся@@@ как правило@@@ в левой части сложных иероглифов.",
缶,глиняный кувшин,みずがめ,,"Древняя пиктограмма изображала некий сосуд@@@ накрытый крышкой.
Иероглиф@@@ произошедший от этой пиктограммы@@@ обозначает «глиняная амфора».
В качестве ключевого знака иероглиф «амфора» мало-употребителен.",
网,сетка,あみがしら,⺳,"Древняя пиктограмма изображала рыболовную сеть или силки для ловли мелких животных.
В современном языке произошедший от этой пиктограммы иероглиф используется в значениях: «сеть@@@ сетка@@@ тенета@@@ силок@@@ невод»@@@ «система@@@ совокупность». В качестве ключевого знака употребляется сравнительно редко. Располагаясь в верхней части сложных иероглифов@@@ может принимать сокращенную форму 罒.",
羊 ,овца,ひつじ,⺷@@@⺶,"Древнее изображение барана или овцы отличалось от рисунка коровы формой рогов.
Иероглиф «баран»@@@ «овца» употребляется также для обозначения мелкого рогатого скота.
Иероглиф-ключ располагается обычно в верхней части сложных иероглифов в несколько укороченной форме  ⺷.
«Баран» - средний ключевой знак.",
羽,перо@@@ крыло,はね,,"На древней пиктограмме@@@ послужившей основой современному иероглифу@@@ было изображено крыло птицы.
Самостоятельно иероглиф употребляется в значениях: «перо» (птичье)@@@ «оперение»@@@ «крылья»@@@ «птицы»@@@ «пернатые».
В качестве ключевого знака малоупотребителен.",
老,пожилой человек,おいかんむり,耂,"Современный иероглиф «старик» восходит корнями к древней пиктограмме «сидящий человек».
Иероглиф употребляется в значениях: «старый@@@ дряхлый@@@ престарелый@@@ пожилой»@@@ «старый@@@ старинный@@@ старомодный»@@@ «огрубевший@@@ заскорузлый@@@ перезревший»@@@
«старший@@@ почтенный@@@ уважаемый» u др.
В качестве ключевого знака иероглиф «старик» используется редко.",
而,и потом@@@ тогда,しこうして,,"Древняя пиктограмма «усы» изображает волосяной покров лица монголоидной расы.
В современном языке иероглиф используется в значениях «усы»@@@ «баки» и др.
В качестве ключевого знака иероглиф «усы» употребляется редко.",
耒,дерево с тремя ветками@@@ плуг,らいすき,,"Древняя пиктограмма@@@ от которой произошел иероглиф «плуг»@@@ изображала@@@ очевидно@@@ обработанный корень и основание дерева@@@ применяемые в старину для вспашки.
В современном языке иероглиф употребляется также в значении «соха».
В качестве ключевого знака иероглиф «плуг» используется сравнительно нечасто.",
耳,ухо,みみ,,"Древняя пиктограмма условно изображала ухо.
Современный иероглиф используется в значениях: «ухо@@@ уши@@@ ушной@@@ на уши»@@@ «ушки (предмета)@@@ боковые выступы@@@ боковины зданий»@@@ «внимать@@@ слушать@@@ принимать во внимание@@@ запоминать» и др.
В качестве ключевого знака иероглиф «ухо» малоупотребителен.",
聿,кисть для письма,ふでづくり,⺻@@@肀,"Древний рисунок изображал руку@@@ держащую некое орудие письма@@@ и черточку - знак@@@ который им написан.
Эта идеограмма стала основой иероглифа@@@ который в со-временном языке обозначает «орудие письма (резец@@@ бамбуковый карандаш@@@ писчая кисть@@@».
В качестве ключевого знака иероглиф употребляется редко.",
肉,мясо,にくづき,月,"Древняя пиктограмма «мясо» изображала кусок грудинки с ребрами.
Современный иероглиф обозначает «мясо»@@@ «плоть»@@@ «плотский»@@@ «тело»@@@ «телесный»@@@ «кровный».
Иероглиф «мясо» - сильный ключевой знак. Располагается@@@ как правило@@@ в левой части сложных иероглифов в форме аналогичной иероглифу «луна»
月.",
臣,вассал,しん,,"Глаз@@@ повернутый вертикально (это происходит@@@ когда человек наклоняет голову)@@@ означает «слуга».
В современном языке иероглиф употребляется в значениях: «вассал@@@ слуга@@@ раб»@@@ «служащий@@@ министр@@@ сановник@@@ чиновник».
В качестве ключевого знака иероглиф «слуга» мало-употребителен.",
自,сам,みずから,,"Древний знак «сам» передает расовую особенность типа носа людей с очень широким переносьем - людей@@@ создавших китайскую письменность.
В современном языке для обозначения носа употребляется более сложный иероглиф@@@ а настоящий используется в значениях: «сам@@@ лично@@@ самолично@@@ сознательно@@@ само собою» и др.
В качестве ключевого знака иероглиф «сам» употребляется редко.",
至,прибывать@@@ достигать,いたる,,"Древняя идеограмма изображала стрелу у края земли@@@ т.е. «стрела@@@ достигшая земли». Современный иероглиф используется в значениях: «достигать@@@ прибывать@@@ доходить»@@@ «предел@@@ лимит@@@ высшая точка» и др.
В качестве ключевого знака иероглиф «достигать» малоупотребителен.",
臼,мортира,うす,,"Древний рисунок «ступка» передает графически насечки на внутренней поверхности этого предмета.
Иероглиф@@@ произошедший от этой пиктограммы@@@ используется в значениях «толочь@@@ толчея@@@ ступка».
В качестве ключевого знака иероглиф «ступка» мало-употребителен.",
舌,язык,した,,"Древняя пиктограмма «язык» изображала язык@@@ высунутый изо рта.
Современный иероглиф употребляется в значениях: «язычок@@@ вентиль@@@ стержень»@@@ «выступ@@@ шип@@@ кончик»@@@ «язык@@@ речь».
В качестве ключевого знака иероглиф «язык» употребляется редко.",
舛,танцующие ноги,まいあし,,"Древняя идеограмма@@@ изображавшая направленные в разные стороны следы человека@@@ обозначала «переступать».
В современном языке иероглиф употребляется в значениях: «в противоположных направлениях@@@ несовместимый@@@ ошибка@@@ неудача@@@ промах@@@ противоречие@@@ расхождение».
В качестве ключевого знака иероглиф «переступать»
малоупотребителен.",
舟,корабль,ふね,,"Специфические особенности конструкции древнекитайских лодок@@@ не имевших заостренной носовой части и по форме напоминавших катамаран@@@ нашли отражение в пиктограмме «лодка».
Современный иероглиф обозначает: «лодка@@@ джонка@@@ судно@@@ корабль»@@@ «блюдце@@@ подставка для винных сосудов (в форме лодки)».
Иероглиф «лодка» - сильный ключевой знак.",
艮,остановка@@@ граница,こん,,"Древняя идеограмма состояла из двух компонентов: «глаз» и «человек». Смысл идеограммы сводился к тому@@@ что человек внимательно рассматривает и тщательно сравнивает что-либо@@@ чем создает определенное препятствие. Поэтому иероглиф@@@ произошедший от данной идеограммы@@@ имеет значение «препятствие@@@ остановка». в современном языке иероглиф приобрел также
значения: «преграда@@@ непреклонный@@@ твердый» и др.
В качестве ключевого знака иероглиф «преграда» мало-употребителен.",
色,цвет,いろ,,"Древняя идеограмма изображала переплетение мужского и женского тел при соитии. Смысл знака заключался не столько в изображении любовной игры@@@ сколько означал красоту и счастье на лицах любовников. Поэтому иероглиф@@@ произошедший от идеограммы@@@ имеет разные значения: «женская красота@@@ женщина@@@ выражение лица@@@ цвет лица@@@ цвет@@@ внешний вид@@@ пейзаж»@@@ а также «сладострастие@@@ распутство@@@ разврат@@@ похоть».
В качестве ключевого знака иероглиф малоупотребителен.",
艸,растение,くさかんむり,艹,"Иероглиф «трава»
состоящий из двух «ростков»
(屮)@@@был выделен в отдельный иероглифический ключ@@@ который располагается в верхней части сложных иероглифов в своей сокращенной форме 艹.
Выделение «травы» в самостоятельный ключевой знак связано с использованием различных трав не только в древней медицине@@@ но и в быту.
Самостоятельно иероглиф означает: «трава»@@@ «сено»@@@ «солома»@@@ «заросли диких трав»@@@ «захолустье» и т.д.
«Трава» - сильный ключевой знак.",
虎,тигр,とらがしら,,"Древняя пиктограмма@@@ изображавшая тигра@@@ послужила основой современному иероглифу «тигр».
В сочетаниях с другими иероглифами часто образует идиоматические выражения@@@ в которых «тигр» обозначает «опасность»@@@ «хищность».
«Тигр» в качестве ключевого знака употребляется до-вольно часто. Располагается в верхней части сложных иероглифов в виде 虍.",
虫,насекомое,むし,,"Древняя пиктограмма@@@ ставшая прообразом современного иероглифа@@@ изображала червячка.
В настоящее время иероглиф имеет значения «насекомое»@@@ «змея»@@@ «пресмыкающееся»@@@ а также общее название для представителей животного мира.
В составе сложных иероглифов@@@ как правило@@@ отражает отношение к насекомым.
Иероглиф «насекомое» - сильный ключевой знак.",
血,кровь,ち,,"Древний рисунок@@@ от которого произошел иероглиф «кровь»@@@ изображал сосуд с капающей в него кровью жертвенного животного.
В современном языке иероглиф употребляется в значениях: «кровь@@@ кровяной@@@ кровавый@@@ кровопролитный@@@ менструация@@@ кровная связь@@@ пыл@@@ энергия» и др.
В качестве ключевого знака иероглиф «кровь» мало-употребителен.",
行,идти,ぎょうがまえ,,"Древняя пиктограмма@@@ ставшая основой современному иероглифу «двигаться»@@@ изображала пересечение дорог.
Иероглиф употребляется также в значениях: «идти@@@ ходить@@@ путешествовать@@@ отлучаться»@@@ «проводить@@@ осуществлять@@@ исполнять@@@ совершать» и др.
Иероглиф «двигаться»
является сильным ключевым
знаком.",
衣,одежда,ころもへん,衤,"Пиктограмма «одежда» графически воспроизводит покрой распашного халата - основного предмета древнекитайского костюма@@@ всегда запахивавшегося направо. Современный иероглиф используется в значениях: «одежда@@@ платье@@@ куртка@@@ кофта»@@@ «внешний покров@@@ покрышка@@@ чехол»@@@ а также «надевать@@@ носить@@@ одеваться@@@ покрывать@@@ прикрывать» и др.
Иероглиф «одежда» является сильным ключевым знаком. Располагаясь в левой части сложных знаков@@@ может принимать форму 衤.",
西,запад,にし,襾@@@覀,"Единственный ключ@@@ имеющий 2 вида иероглифов 西 и 襾. \n 西 - Древняя идеограмма изображала птицу@@@ вернувшуюся в свое гнездо. Птицы возвращаются в гнезда на закате солнца@@@ а солнце садится на западе. Таким образом китайцы передали в иероглифе-идеограмме значение «Запад».
В современном языке иероглиф используется в значениях: «Запад@@@ Европа и Америка@@@ западная культура@@@ европейский@@@ иностранный». \n 襾 - Древняя идеограмма состояла из трех элементов@@@ из которых горизонтальная черта обозначала «небо». Черта U обозначала все под небом снизу вверх. Черта ∩ - сверху вниз. Значение идеограммы и@@@ впоследствии@@@ иероглифа - «покрывать@@@ накрывать».
В качестве ключевого знака малоупотребителен. В составе иероглифов записывается как 覀.",
見,видеть,みる,,"Древняя пиктограмма изображает глаз и человечка под ним. Получившаяся идеограмма означает «видеть@@@ смотреть».
В современном языке иероглиф используется в значениях: «видеть@@@ быть зрячим@@@ показываться@@@ появляться@@@ иметься в наличии@@@ быть на месте@@@ быть на виду» и др.
Иероглиф «видеть» - сильный ключевой знак.",
角,рог@@@ угол,つの,,"Древняя пиктограмма «рог» изображала толстые и массивные рога буйвола.
Современный иероглиф имеет значения: «рог»@@@ «острие»@@@ «мыс»@@@ «риф»@@@ «угол» и некоторые другие.
Иероглиф «рог» - сильный ключевой знак.",
言,говорить@@@ речь,げん,訁,"Древняя пиктограмма «речь» схожа с рисунком «язык»@@@ черточкой указывается на то@@@ что произносится.
Современный иероглиф используется во множестве значений@@@ связанных с речью: «речь@@@ язык@@@ слова@@@ иероглифы@@@ речение@@@ фраза@@@ договоренность@@@ условие@@@ уговор@@@ клятва@@@ дебаты@@@ выступление@@@ описание» и др.
Иероглиф «речь» - сильный ключевой знак.",
谷,долина,たに,,"Древняя пиктограмма@@@ от которой произошел современный иероглиф «долина»@@@ изображал источник или небольшой ключ@@@ из которого струилась вода или ручеек.
В современном языке иероглиф употребляется в значениях: «русло горного потока@@@ ущелье@@@ дефиле@@@ долина@@@ впадина@@@ лощина@@@ овраг»@@@ «обрыв@@@ пропасть@@@ тупик».
В качестве ключевого знака иероглиф «долина» малоупотребителен.",
豆,боб,まめ,,"Древняя пиктограмма@@@ от которой произошел иероглиф «бобы»@@@ изображала деревянную чашу с крышкой для приготовления пищи. Иероглиф употребляется также в значениях: «фасоль@@@ горох»@@@ «класть (раскладывать) по сосудам мясо».
В качестве ключевого знака иероглиф «бобы» употребляется сравнительно редко.",
豕,свинья,いのこ,,"Древний рисунок свиньи схож с изображением собаки@@@ только свинья - с коротким хвостом и отвислым брюхом.
Самостоятельно иероглиф употребляется в значениях:
«свинья»@@@ «свинина»@@@ «кабан»@@@ «вепрь».
В качестве ключевого знака малоупотребителен.",
豸,барсук,むじなへん,,"Древняя пиктограмма@@@ от которой произошел современный иероглиф «змея»@@@ изображала некое пресмыкающееся.
Кроме этого значения иероглиф может означать «безногое животное»@@@ «червяка» и «единорога» - сказочное мифическое животное@@@ карающее дурных людей@@@ - эпитет поборника правды и справедливости. Кроме этих значений: «приходить к концу»@@@ «разрешаться»@@@ «разрешение»@@@ «окончание».
В качестве ключевого знака иероглиф «змея» мало-употребителен.",
貝,морская раковина,かい,,"Древняя пиктограмма@@@ от которой произошел современный иероглиф «ракушка»@@@ изображала@@@ скорее всего@@@ раковину с моллюском внутри.
Современный иероглиф употребляется в значениях «раковина» и «моллюск».
«Ракушка» - сильный ключевой знак. Располагается в левой или нижней части сложных иероглифов.",
赤,красный,あか,,"Древняя идеограмма@@@ от которой произошел иероглиф «красный»@@@ изображала «большой» и «костер@@@ огонь».
Таким образом вполне понятно значение иероглифа - «ярко-красный».
В современном языке иероглиф имеет также значения: «алый@@@ рыжий@@@ бурый»@@@ «советский@@@ революционный»@@@ «искренний@@@ откровенный@@@ чистосердечный» и др.
В качестве ключевого знака иероглиф «красный» мало-употребителен.",
走,бежать,はしる,,"Древний рисунок изображал человека@@@ размахивающего руками@@@ и след ноги. Эта идеограмма стала основой иероглифу «идти».
В современном языке иероглиф означает: «ходить@@@ двигаться@@@ действовать@@@ уходить@@@ отбывать»@@@ «быстро идти@@@ бежать»@@@ «пускать в ход@@@ пользоваться» и др.
Иероглиф «идти» является сильным ключевым знаком.",
足,нога,あし,⻊,"Первоначальное значение пиктограммы «нога» - нога человека в целом@@@ начиная от бедра.
Современный иероглиф употребляется в значениях: «нога@@@ ступня@@@ стопа»@@@ «ножка@@@ подставка@@@ цоколь». В качестве глагола может иметь значения: «быть достаточным@@@ обладать нужными качествами» и др.
Иероглиф «нога» является сильным ключевым знаком.",
身,тело,み,,"Древняя пиктограмма@@@ ставшая прообразом современного иероглифа «тело»@@@ изображала человека с большим туловищем.
Иероглиф употребляется также в значениях: «туловище@@@ торс@@@ корпус@@@ фигура»@@@ «костюм@@@ комплект одежды»@@@ «Я@@@ сам@@@ самолично»@@@ «человек@@@ личность@@@ индивидуальность»@@@ «бремя@@@ плод» (в чреве беременной) и др.
В качестве ключевого знака «тело» используется редко.",
車,колесо@@@ машина,くるま,,"Древняя пиктограмма «повозка» очень точно передает устройство боевой колесницы@@@ запрягавшейся парой лошадей.
В современном языке иероглиф употребляется в значениях: «повозка@@@ телега@@@ коляска@@@ экипаж@@@ тачка@@@ машина@@@ воз». Также означает сокращенно любое средство передвижения на колесах@@@ например@@@ велосипед@@@ вагон@@@ поезд и т.д.
Иероглиф «повозка» является сильным ключевым знаком.",
辛,пряный,からい,,"Истинное происхождение иероглифа «терпкий» определить достаточно сложно@@@ поскольку существует несколько совершенно различных версий. Предлагаем наиболее@@@ на наш взгляд@@@ простую: древняя идеограмма изображала рот и какое-то растение@@@ вкус которого был терпкий и острый.
В современном языке иероглиф употребляется в значениях: «терпкий@@@ острый»@@@ «тяжелый@@@ страдный»@@@ «горький@@@ скорбный».
В качестве ключевого знака иероглиф «терпкий» малоупотребителен.",
辰,знак Дракона@@@ утро,しんのたつ,,"Иероглиф «звезда» состоял из нескольких компонентов. Две горизонтальные линии обозначали небесные созвездия
во время появления которых происходили изменения (七) с растениями (изонутая линия). Таким образом древние китайцы отобразили сразу несколько значений: «месяц май или третий лунный месяц» - время бурного цветения и роста растений@@@ «время» и «звезда». Элемент 厂 в иероглифе был фонетическим. В современном языке@@@ кроме перечисленных выше@@@ иероглиф также обозначает: «день@@@ час»@@@ «счастливая пора@@@ удачное время»@@@ «небесные тела»@@@ в знаках Зодиака
- «Весы» и «год Дракона».
В качестве ключевого знака иероглиф «звезда» мало-употребителен.",
辵,дорога@@@ ходьба,ちゃく,辶@@@⻌,"Иероглиф «быстро идти» произошел от той же пиктограммы@@@ что и ключ 廴. Иероглиф также используется в значении «идти (бежать) с остановками».
Полная форма иероглифа 辵 довольно сложна@@@ поэтому его употребляют в сокращенном виде.
Иероглиф «быстро идти» - сильный ключевой знак.",
邑,деревня@@@ сельское общество@@@ место где собираются люди,ゆう,阝,"Древняя идеограмма изображала владение@@@ территорию (квадратик сверху) и человека. Таким образом получился иероглиф «город@@@ владение@@@ поселение@@@ населенный пункт@@@ поселок@@@ деревня@@@ район@@@ населенная местность» и др.
Иероглиф «город» является сильным ключевым знаком.
Располагается преимущественно в правой части сложных знаков в виде 阝.",
酉,сакэ@@@ вино,ひよみのとり,,"Древняя пиктограмма@@@ ставшая праосновой иероглифа «вино»@@@ изображала сосуд для его приготовления. Иероглиф используется также для обозначения сосудов для изготовления вина. Кроме этих значений иероглиф может означать «орошать@@@ поливать» и др.
В качестве ключевого знака иероглиф «вино» малоупотребителен.",
釆,делить@@@ отделять,のごめ,,"Современный иероглиф «различать» (следы диких зверей)@@@ внешне похожий на иероглифы «злак» или «зерно»@@@ произошел от древнего изображения отпечатка следа животного или зверя.
Самостоятельно иероглиф употребляется только в этом значении.
В качестве ключевого знака используется редко.",
里,деревня,さと,,"Древняя идеограмма@@@ состоявшая из рисунков «поле@@@ межа» и «земля»@@@ образовала иероглиф «измерять@@@ размежевывать (землю)».
В современном языке иероглиф употребляется также в значениях: «верста@@@ миля@@@ квартал@@@ проулок»@@@ «деревня@@@ поселок@@@ усадьба@@@ дом» и др.
В качестве ключевого знака иероглиф «верста» используется сравнительно нечасто.",
金,золото@@@ металл,かね,釒,"Древний знак «металл» состоял из нескольких компонентов@@@ изображавших размельченную руду и выплавленные слитки.
Самостоятельно иероглиф употребляется в значениях «золото»@@@ «деньги»@@@ «металл» в различных аспектах.
В сложносоставных иероглифах ключ «металл» располагается в левой части знака и вносит перечисленные выше значения@@@ в основном обозначая нечто металлическое@@@ остальная часть знака уточняет предмет.
Иероглиф «металл» - сильный ключевой знак.",
長,длинный,ながい,镸,"В древней пиктограмме «длинный» подчеркнуты длинные развевающиеся волосы человека.
Современный иероглиф имеет множество значений: «длинный@@@ продолговатый@@@ удлиненный»@@@ «долгий@@@ продолжительный@@@ постоянный»@@@ «высокий@@@ бесконечный@@@ бескрайний»@@@ «старший@@@ главный@@@ первый@@@ начальник»@@@ «расти@@@ увеличиваться@@@ возрастать»@@@ «длина@@@ расстояние»@@@ «корень@@@ исток@@@ начало» и др.
Несмотря на обилие значений самого иероглифа@@@ в
Качестве ключевого знака «длинный» малоупотребителен.",
門,ворота,もんがまえ,,"Древняя пиктограмма@@@ которая была основой современного иероглифа «ворота»@@@ изображала створки дверей.
Иероглиф используется также в значениях: «двери@@@ ка-литка@@@ проход@@@ вход@@@ отверстие». В переносном смысле означает «семья@@@ род@@@ родной дом@@@ родовитость@@@ знатность» и др.
Иероглиф «ворота» является сильным ключевым знаком.",
阜,холм,おか,阝‚𨸏,"Нагромождение друг на друга нескольких каменных глыб образовали древнюю пиктограмму «бугор»@@@ «холм».
В своей полной форме иероглиф практически не употребляется.
Сокращенная  форма «бугра» 阝
располагается в левой
части сложных иероглифов@@@ иногда внося собственное значение.
Иероглиф «бугор» - сильный ключевой знак.",
隶,раб,れいづくり,,"Древняя пиктограмма изображала руку@@@ держащую хвост животного или зверя.
В современном языке иероглиф@@@ произошедший от этого рисунка@@@ обозначает «доходить@@@ достигать».
В качестве ключевого знака иероглиф «доходить@@@ достигать» малоупотребителен.",
隹,старая птица@@@ голубь,ふるとり,,"На древнем рисунке была изображена птица с распущенными крыльями и коротким хвостом. Эта пиктограмма стала основой современного иероглифа «голубь».
Иероглиф употребляется также в значениях «курица» и «короткохвостая птица». Так же@@@ как и знак «птица» этот ключ может обозначать отряд пернатых в составе сложных иероглифов.
«Голубь» - сильный ключевой знак.",
雨,дождь,あめ,⻗,"Древняя пиктограмма дождя изображала капли воды@@@ падающие с неба. Таким образом появился иероглиф «дождь»@@@ который также используется в переносном смысле «ручьи»@@@ «потоки».
Это сильный ключевой знак@@@ который обычно располагается в верхней части иеротлифов в виде ⻗. В идеограммах он обозначает нечто падающее с неба
или связанное с влагой@@@ снегом@@@ паром или облаком.",
青,синий@@@ зелёный,あお,,"Древняя идеограмма изображала колодец и цветущую рядом с ним зелень. Произошедший от нее иероглиф употребляется в значениях: «зеленеть@@@ зеленый@@@ ярко-зеленый@@@ ярко-синий»@@@ «весенний@@@ молодой@@@ цветущий»@@@ «яркий@@@ густой@@@ глубокий@@@ богатый (о цвете)» и др.
В качестве ключевого знака иероглиф «зеленый» мало-употребителен.",
非,неправильный,あらず,,"Древняя идеограмма изображала растопыренные в разные стороны крылья птицы@@@ что противоестественно@@@ т.к. птицы при посадке складывают крылья. Таким образом китайцы передали в иероглифе-идеограмме смысл: «ошибка@@@ оплошность»@@@
В современном языке иероглиф имеет также значения: «ложь@@@ обман@@@ зло@@@ неправота@@@ плохой@@@ вредный» и др.
В качестве ключевого знака иероглиф «ошибка» малоупотребителен.",
面,поверхность,めん,,"Древняя пиктограмма@@@ изображавшая овал с глазом@@@ обозначала лицо.
Современный иероглиф используется в значениях: «лицо@@@ лицевой@@@ лично@@@ лицом к лицу»@@@ «физиономия@@@ мина@@@ наружность@@@ облик@@@ внешность» и др.
В качестве ключевого знака иероглиф «лицо» малоупотребителен.",
革,кожа,つくりがわ,,"Древний знак «выделанная кожа» отличался от «сырой кожи» тем@@@ что к шкуре животного были приложены усилия двух рук.
Современный иероглиф употребляется в значениях: «кожа» (сыромятная)@@@ «грубая кожа» (человека)@@@ «доспехи@@@ латы»@@@ а также «изменять»@@@ «обновлять».
В качестве ключевого знака иероглиф используется сравнительно редко. В сложных иероглифах располагается@@@ как правило@@@ в левой части.",
韋,выдубленная кожа,なめしがわ,,"Древний знак «мягкая кожа» изображал кожу@@@ которую мяли ногами.
Современный иероглиф используется в значениях: «выделанная (мягкая) кожа»@@@ «мягкий@@@ слабый».
В качестве ключевого знака иероглиф малоупотребителен.",
韭,лук-порей,にら,,"Современный иероглиф «лук» произошел от древнего рисунка@@@ изображавшего молодые побеги лука.
Иероглиф самостоятельно употребляется в значениях «лук-порей» или «душистый лук».
В качестве ключевого знака используется редко.",+
音,звук,おと,,"Древняя пиктограмма «звук» отличается от «речи» лишь тем@@@ что в нижней части знака присутствует не «рот»@@@ а «говорить».
Современный иероглиф применяется в значениях: «звук@@@ шум@@@ тембр@@@ тон»@@@ «чтение@@@ произношение@@@ звучание»@@@ «новости@@@ известие@@@ весточка@@@ письмо» и др.
В качестве ключевого знака иероглиф «звук» малоупотребителен.",
頁,большая раковина@@@ голова,おおがい,,"Древняя пиктограмма «голова» изображала человека с крупной головой.
современном языке иероглиф применяется в
значениях: «голова»@@@ «лист@@@ страница».
Иероглиф «голова» является сильным ключевым знаком.",
風,ветер,かぜ,,"Иероглиф-ключ «ветер» восходит своими корнями к древней пиктограмме «насекомое».
Самостоятельно и в сочетании с другими иероглифами в зависимости от контекста может иметь множество значений: «овевать»@@@ «объявлять»@@@ «обычаи»@@@ «нравы»@@@ «стиль»@@@ «манера»@@@ «способ» и др.
В качестве ключа иероглиф малоупотребителен.",
飛,летать,とぶ ,,"Современный иероглиф «полет» восходит корнями к древней пиктограмме летящей птицы.
Самостоятельно иероглиф имеет значения: «летать»@@@ «парить» (в воздухе)@@@ «нестись» и др.@@@ а также «птица»@@@ «пернатые»@@@ «летающие насекомые».
В качестве ключа иероглиф малоупотребителен.",
食,еда,しょくへん,飠‚⻞,"Изображение сосуда@@@ наполненного едой и закрытого крышкой@@@ стало прообразом иероглифа «еда».
Иероглиф используется также в значениях: «пища@@@ питание@@@ корм@@@ фураж@@@ принимать пищу@@@ есть@@@ питать-ся@@@ иероглиф «еда» является сильным ключевым знаком.",
首,шея,くび,,"Древняя пиктограмма «макушка» изображала голову с волосами на макушке.
Современный иероглиф используется в значениях: «го-лова@@@ глава@@@ лидер@@@ вождь@@@ предводитель»@@@ «главное@@@ основ-ное@@@ суть» и др.
В качестве ключевого знака иероглиф «макушка» малоупотребителен.",
香,запах,かおり,,"Иероглиф «запах»@@@ «благоухание» произошел от рисунков «рот» и «злак».
Вполне очевидно@@@ что таким образом китайцы отразили в иероглифе-идеограмме древний способ чистить зубы: некоторые травы при разжевывании источали чудесный аромат и очищали поверхность зубов.
Самостоятельно иероглиф употребляется также в значениях «ароматный»@@@ «вкусный»@@@ «прекрасный»@@@ «аппетитный».
В качестве ключевого знака иероглиф малоупотребителен.",
馬,лошадь,うま,,"На древней пиктограмме@@@ имея достаточно воображения@@@ не сложно узнать лошадь: выделены голова@@@ грива@@@ ноги и хвост.
Самостоятельно иероглиф употребляется в значениях: «лошадь»@@@ «конь». В переносном смысле может обозначать: «огромный@@@ крупный@@@ как конь».
В качестве ключевого знака иероглиф «конь» употребляется нечасто.",
骨,кость,ほね,⻣,"Древний знак «кость» изображал трубчатую кость какого-то животного с частью сустава.
Современный иероглиф используется в значениях:
«Кость»@@@ «остов»@@@ «каркас»@@@ «скелет». В переносном смысле может означать «характер».
В качестве ключевого знака «кость» употребляется редко@@@ располагается в левой части сложных знаков.",
高,высокий,たかい,,"Древняя пиктограмма «высокий» возникла на основе изображения дома с башней. В современном языке иероглиф@@@ произошедший от этой пиктограммы@@@ используется в зависимости от контекста в значениях: «высокий@@@
большой@@@ особенный@@@ сильный@@@ мощный@@@ громкий@@@ почетный@@@ благородный “высота@@@ рост” и др. В качестве ключевого знака «высокий» мало-
употребителен.",
髟,длинные волосы,かみかんむり,,"Иероглиф «космы» восходит корнями к пиктограммам «длинный» и «шерсть».
Иероглиф имеет также значения: «длинные распущенные волосы@@@ длинная шерсть (у животного)».
В качестве ключевого знака иероглиф «космы» употребляется сравнительно редко.",
鬥,сломанные ворота@@@ самурайская битва,たたかいがまえ,,"Древняя идеограмма@@@ от которой произошел современный иероглиф «борьба»@@@ изображала направленные друг против друга пики людей@@@ приготовившихся к сражению.
Иероглиф употребляется также в значениях «бороться@@@ биться@@@ сражаться@@@ драться@@@ состязаться@@@ соревноваться@@@ соперничать@@@ спорить».
В качестве ключевого знака иероглиф «борьба» мало-употребителен.",
鬯,травы,においざけ,,"Древняя пиктограмма изображала сосуд@@@ в котором что-то приготавливалось@@@ и человека. Иероглиф@@@ произошедший от этой пиктограммы@@@ используется в значении «жертвенное вино (приготовленное из проса и душистых трав)».
В качестве ключевого знака иероглиф «вино» мало-употребителен.",+
鬲,тренога,れき,,"Древний рисунок@@@ от которого произошел иероглиф «треножник»@@@ изображал специфической формы котел на трех ногах. В этом значении иероглиф используется и поныне.
В качестве ключевого знака иероглиф «треножник»
малоупотребителен.",+
鬼,демон,おに,,"На древнем рисунке@@@ от которого произошел иероглиф «дьявол»@@@ был изображен человек с головой демона.
В современном языке иероглиф имеет значения: «оборотень@@@ привидение@@@ нечистая сила@@@ злой дух@@@ черт@@@ бес@@@ дьявол@@@ демон@@@ душа умершего» и «каверзы@@@ пакости@@@ дьявольские штучки».
В качестве ключевого знака иероглиф употребляется сравнительно редко.",
魚,рыба,うお,,"Древняя пиктограмма «рыба» изображала рыбу с чешуей@@@ плавниками и хвостом.
Кроме этого значения иероглиф употребляется в названиях рыб и водяных животных@@@ употребляемых в пищу@@@ а также может обозначать кожу рыбы или морского животного для поделок.
«Рыба» - сильный ключевой знак.",
鳥,птица,とり,,"Древняя пиктограмма изображала птицу с распушенным хвостом. С этим значением иероглиф вошел в современный язык.
«Птица» - сильный ключевой знак@@@ используемый в сложных иероглифах@@@ как правило@@@ для обозначения отношения к отряду пернатых какой-либо разновидности.",
鹵,соль,しお,,"Древняя пиктограмма@@@ от которой произошел иероглиф «соль»@@@ изображала некий сосуд@@@ наполненный кусочками кристаллической соли. В современном языке иероглиф имеет также значения: «солончаки@@@ солончаковая пустыня@@@ залежи соли@@@ рассол@@@ сваренный в рассоле».
В качестве ключевого знака иероглиф «соль» мало-употребителен.",+
鹿,олень,しか,,"Древнее изображение оленя схоже с рисунком лошади@@@ причем были выделены рога.
Современный иероглиф «олень» используется также в значениях: «трон@@@ императорская власть»@@@ «амбар@@@ склад@@@ хранилище»@@@ «рог для вина».
В качестве ключевого знака иероглиф «олень» употребляется редко.",
麥,пшеница,むぎ,麦,"Иероглиф «пшеница» произошел от древнего рисунка@@@ схожего с пиктограммой «злак» 禾@@@ в отличие от которого на стебле были изображены зерна.
Как правило@@@ этот довольно сложный в написании знак заменяют более простым 麦 .
Самостоятельно иероглиф употребляется в значениях: «хлебный злак»@@@ «зерновые»@@@ а также для общего названия зерновых культур.
В качестве ключа знак малопродуктивен.",
麻,лён@@@ конопля,あさ,,"Древняя идеограмма «конопля» изображала крышу дома и сложенные под ней густорастущие побеги конопли.
Современный иероглиф употребляется в значениях: «конопля@@@ пакля@@@ гашиш»@@@ «онемение@@@ оцепенение@@@ паралич»@@@ «изделие из конопли@@@ изготовленное под шелк»@@@ «простое холщовое платье».
В качестве ключевого знака иероглиф «конопля» употребляется сравнительно редко.",
黃,желтый,き,,"Идеограмма «желтый» восходит корнями к изображению огня и поля. Очевидно@@@ что такой сложной идеограммой древние китайцы хотели передать как можно больше возможных цветов: от золотисто-желтого цвета пламени до желто-песочного - цвета спелой пшеницы или земли.
В современном языке иероглиф употребляется в значениях: «желтый@@@ соловый@@@ рыжий@@@ золотисто-желтый@@@ золотистый (императорский цвет)»@@@ «императорский@@@ высочайший@@@ августейший»@@@ «желтеть@@@ вянуть@@@ золотиться» и др.
В качестве ключевого знака иероглиф малоупотребителен.",
黍,просо,きび,,"Иероглиф-ключ «просо» произошел от соединения двух пиктограмм - «злак» и «вода». Очевидно@@@ что для выращивания этого злака в древности требовалось обилие воды@@@ поэтому образовался иероглиф-идеограмма@@@ ставший позднее самостоятельным ключевым иероглифом.
На Востоке из проса изготавливался алкогольный напиток@@@ сравнимый с пивом.
Самостоятельно иероглиф обозначает «просо».
В качестве ключа малоупотребителен.",
黒,чёрный,くろ,,"Древняя идеограмма изображала огонь в камине и дымоход. Таким образом был передан в иероглифе черный цвет - цвет сажи.
В современном языке иероглиф употребляется в значениях: «черный@@@ темный@@@ темнеть@@@ меркнуть»@@@ «тайный@@@ нелегальный@@@ преступный»@@@ «темнота@@@ потемки@@@ ночь@@@ вечер» и др.
В качестве ключевого знака иероглиф «черный» мало-употребителен.",
黹,шитьё,ぬいとり,,"иероглиф-идеограмма «вышивка» восходит корнями к двум знакам - «одежда»( внизу) и «красивый» (вверху).
Дополнительные черточки у «одежды» показывали ее изношенность@@@ а знак «красивый»@@@ таким образом@@@ указывал на то@@@ что ее зашивали.
В современном языке иероглиф имеет значения: «вышивка@@@ вышитое платье@@@ вышивание».
В качестве ключевого знака иероглиф «вышивка» малоупотребителен.",+
黽,лягушка,かえる,,"Иероглиф «лягушка@@@ жаба» произошел от древнего рисунка@@@ на котором была изображена голова и туловище лягушки.
Кроме этих значений иероглиф используется в качестве глагола «стараться@@@ напрягаться».
Из-за сложности его начертания на письме применяют сокращенную форму 黾.
В качестве ключевого знака иероглиф «лягушка»
употребляется редко.",+
鼎,тренога,かなえ,,"В основе иероглифа «треножник» лежит изображение сосуда специфической формы с двумя ушками. Выделение этого вида сосуда в отдельный иероглиф связано с его предназначением кроме приготовления пищи: жертвоприношений и казни через сварение.
В современном языке иероглиф имеет также значения: «треножники-регалии императорской власти@@@ опора престола@@@ высшие сановники@@@ ответственный пост» и др.
В качестве ключевого знака иероглиф малоупотребителен.",
鼓,барабанный бой,つづみ,,"Древняя идеограмма@@@ ставшая праосновой иероглифа
«Барабан»@@@ изображала барабан и руку с палкой. В современном языке иероглиф используется также в значениях: «играть на барабане@@@ атаковать (в древности сигналом служили удары барабана)@@@ возбуждать@@@ подбодрять@@@ воодушевлять» и др.
В качестве ключевого знака иероглиф «барабан» мало-употребителен.",
鼠,мышь,ねずみ,,"Древний рисунок мыши стал прообразом современному иероглифу «мышь»@@@ «крыса».
Кроме этих значений иероглиф обозначает мелких животных@@@ живущих в дуплах или норах. Иероглиф используется также в переносном значении «вредитель@@@ злодей@@@ супостат».
В качестве ключевого знака иероглиф «мышь» мало-употребителен.",
鼻,нос,はな,,"Современный иероглиф «нос» восходит корнями к древней пиктограмме@@@ изображавшей часть лица и широкий нос монголоидной расы.
Иероглиф употребляется в значениях: «нос»@@@ «ручка@@@ ушко@@@ носик (предмета)»@@@ «первенец».
В качестве ключевого знака иероглиф «нос» употребляется крайне редко.",
齊,равный,せい,斉,"Древняя идеограмма изображала плотно и равномерно стоящие колосья ржи или риса@@@ тем самым передавая смысл «ровный@@@ упорядоченный».
В современном языке иероглиф употребляется в значениях: «ровный@@@ правильный@@@ опрятный@@@ аккуратный» и «собирать воедино@@@ приводить в порядок@@@ выравнивать@@@ полностью@@@ целиком@@@ совместно» и др.
В качестве ключевого знака иероглиф «ровный» мало-употребителен. В силу своей сложности знак используется в сокращенной форме 斉 .",
齒,зуб,は,歯,"Современный иероглиф «зубы» восходит корнями к древней пиктограмме@@@ изображавшей@@@ вероятно@@@ бугорки на поверхности коренного зуба.
Иероглиф используется в значениях: «зуб@@@ зубец@@@ зубчатый»@@@ «бивень@@@ слоновая кость»@@@ «грызть@@@ хватать зубами@@@ определять возраст по зубам». В переносном смысле имеет значения: «годы@@@ возраст» и др.
В качестве ключевого знака иероглиф «зубы» мало-употребителен.",
竜,дракон,りゅう,龍,"Современный иероглиф «дракон» произошел от древней пиктограммы@@@ изображавшей это сказочное существо.
Кроме этого иероглиф может употребляться
B значениях: «государь@@@ император»@@@ «любовь@@@ ласка@@@ благосклонность@@@ милость»@@@ «гармония@@@ согласие@@@ мир»@@@ «вы-дающаяся личность@@@ знаменитость@@@ гений».
В качестве ключевого знака «дракон» малоупотребителен.",
龜,черепаха,かめ,亀,"На древней пиктограмме не так сложно узнать черепаху@@@ послужившую прообразом современному иероглифу.
Кроме самой «черепахи» современный иероглиф имеет несколько значений: «долголетие» (черепаха - символ жизнеспособности и долголетия)@@@ «деньги» (черепаховый панцирь служил в древности монетой)@@@ «печать@@@ ручка которой изображает черепаху»@@@ «черепаха-оракул@@@ гадание на панцире». Кроме этого иероглиф может быть глаголами: «потрескаться@@@ пойти трещинами».
В качестве ключевого знака «черепаха» малоупотребительна.",
龠,флейта,やく,,"Древняя пиктограмма изображала бамбуковую свирель с несколькими отверстиями. В значении «свирель» иероглиф используется и поныне.
В качестве ключевого знака иероглиф «свирель» мало-употребителен.",+