Tango,,In English,,,,
相変わらず,,,,,,
相次いで,,,,,,
〜相手,,,,,,
アイデア,,,,,,
あいにく,,,,,,
あいまい,,,,,,
遭う,,,,,,
〜合う,,,,,,
青白い,,,,,,
赤字,,,,,,
あがる,,,,,,
〜上がる,,,,,,
飽きっぽい,,,,,,
あきらめる,,,,,,
飽きる,,,,,,
あきれる,,,,,,
悪〜,,,,,,
握手,,,,,,
あくび,,,,,,
あくまで,,,,,,
〜明け,,,,,,
明け方,,,,,,
明ける,,,,,,
揚げる,,,,,,
〜上げる,,,,,,
あこがれる,,,,,,
味付け,,,,,,
味わう,,,,,,
足を延ばす,,,,,,
足を運ぶ,,,,,,
足を引っ張る,,,,,,
預けるあせ,,,,,,
汗,,,,,,
遊び回る,,,,,,
与える,,,,,,
あたかも,,,,,,
温かみ,,,,,,
温まる,,,,,,
暖まる,,,,,,
温め直す,,,,,,
温める,,,,,,
暖める,,,,,,
頭が上がらない,,,,,,
頭が痛い,,,,,,
頭が固い,,,,,,
頭に来る,,,,,,
頭を下げる,,,,,,
頭を冷やす,,,,,,
〜扱い,,,,,,
厚かましい,,,,,,
集まり,,,,,,
厚み,,,,,,
あて〜,,,,,,
あてはまる,,,,,,
あてはめる,,,,,,
跡,,,,,,
アドレス帳,,,,,,
暴れる,,,,,,
甘み,,,,,,
編み上がる,,,,,,
編み物,,,,,,
編む,,,,,,
危うい,,,,,,
怪しむ,,,,,,
荒い,,,,,,
粗い,,,,,,
あらかじめ,,,,,,
あらし,,,,,,
粗筋,,,,,,
改めて,,,,,,
改める,,,,,,
あらゆる,,,,,,
ありがたい,,,,,,
ありがたさ,,,,,,
歩き出す,,,,,,
歩き回る,,,,,,
あれこれ,,,,,,
荒れる,,,,,,
慌ただしい,,,,,,
慌てる,,,,,,
哀れ,,,,,,
案,,,,,,
〜案,,,,,,
安易,,,,,,
案外,,,,,,
暗記,,,,,,
安全性,,,,,,
案の定,,,,,,
異〜,,,,,,
言い合う,,,,,,
言い出す,,,,,,
言いつける,,,,,,
言い張る,,,,,,
意外,,,,,,
生かす,,,,,,
生き生き,,,,,,
息が合う,,,,,,
息が切れる,,,,,,
息が長い,,,,,,
いきなり,,suddenly,,,,
意義深い,,,,,,
異業種,,,,,,
幾分,,,,,,
いくら,,,,,,
いくらか,,,,,,
意識,,,,,,
いずれ,,,,,,
依然,,,,,,
以前,,,,,,
偉大,,,,,,
抱く,,,,,,
痛み,,,,,,
痛み出す,,,,,,
痛む,,,,,,
位置,,,,,,
一応,,,,,,
一時,,,,,,
一時間目,,,,,,
一段と,,,,,,
一日おき,,,,,,
一面,,,,,,
一流〜,,,,,,
一流企業,,,,,,
一流校,,,,,,
一家,,,,,,
一切,,,,,,
一瞬,,,,,,
一斉に,,,,,,
一層,,,,,,
一体,,,,,,
いったん,,,,,,
一致,,,,,,
一定,,,,,,
いつでも,,,,,,
いつの間に,,,,,,
いつまでも,,,,,,
移転,,,,,,
遺伝,,,,,,
遺伝子,,,,,,
遺伝子組み換え,,,,,,
稲,,,,,,
祈る,,,,,,
威張る,,,,,,
違反,,,,,,
〜違反,,,,,,
衣服,,,,,,
今更,,,,,,
未だに,,,,,,
今に,,,,,,
今にも,,,,,,
今や,,,,,,
異民族,,,,,,
嫌がる,,,,,,
いよいよ,,,,,,
依頼,,,,,,
以来,,,,,,
いらいら,,,,,,
医療用,,,,,,
いる,,roast,,,,
色違い,,,,,,
色遣い,,,,,,
〜員,,,,,,
印刷機能,,,,,,
印象的,,,,,,
インストール,,,,,,
引退,,,,,,
インタビュー,,,,,,
インフルエンザ,,,,,,
引用,,,,,,
ウイルス,,,,,,
ウイルス対策,,,,,,
ウェブサイト,,,,,,
植える,,,,,,
受け〜,,,,,,
受け入れる,,,,,,
受け継ぐ,,,,,,
受け取る,,,,,,
受け持つ,,,,,,
失う,,,,,,
薄暗い,,,,,,
薄まる,,,,,,
薄める,,,,,,
歌い出す,,,,,,
疑う,,,,,,
打ち〜,,,,,,
打ち合わせ,,,,,,
打ち合わせる,,,,,,
内気,,,,,,
打ち消す,,,,,,
宇宙飛行士,,,,,,
うっかり,,Carelessly,,,,
訴えかける,,,,,,
訴える,,,,,,
腕が上がる,,,,,,
腕がいい,,,,,,
腕を上げる,,,,,,
奪う,,,,,,
うまみ,,,,,,
生まれる,,,,,,
生み出す,,,,,,
埋める,,,,,,
敬う,,,,,,
裏,,,,,,
裏返す,,,,,,
裏切る,,,,,,
恨む,,,,,,
うらやましい,,envious,,,,
うらやむ,,,,,,
うんと,,really/very,,,,
永遠,,,,,,
影響,,,,,,
英国式,,,,,,
衛生的,,,,,,
映像,,,,,,
英文学科,,,,,,
英雄,,,,,,
栄養,,,,,,
えさ,,,,,,
エチケット,,,,,,
エネルギー資源,,,,,,
獲物,,,,,,
円,,,,,,
〜園,,,,,,
宴会,,,,,,
演技,,,,,,
演劇,,,,,,
園児,,,,,,
演習,,,,,,
援助,,,,,,
援助活動,,,,,,
演説,,,,,,
演奏,,,,,,
追い〜,,,,,,
追いかける,,,,,,
追い越す,,,,,,
追い出す,,,,,,
追い付く,,,,,,
負う,,,,,,
応援,,,,,,
欧州連合,,,,,,
横断,,,,,,
往復,,,,,,
大〜,,,,,,
大雨洪水警報,,,,,,
大いに,,,,,,
大げさ,,,,,,
大手自動車メーカー,,major car manufacture,,,,
大通り,,,,,,
オーバー,,,,,,
大幅,,,,,,
大まか,,,,,,
丘,,,,,,
お母様,,,,,,
犯す,,,,,,
沖,,,,,,
〜おき,,every 〜,,,,
補う,,make up for,,,,
奥様,,,,,,
怒り出す,,,,,,
押さえる,,hold down/ restrain,,,,
抑える,,keep under control/ suppress,,,,
納める,,,,,,
お辞儀,,,,,,
惜しむ,,,,,,
お嬢ちゃん,,,,,,
雄,,Male (animal),,,,
汚染,,pollution,,,,
襲う,,,,,,
恐らく,,,,,,
恐れる,,,,,,
恐ろしい,,,,,,
お互いに,,,,,,
穏やか,,,,,,
落ち込む,,,,,,
おっとり,,,,,,
お父様,,,,,,
おどおど,,,,,,
驚く,,,,,,
同い年,,,,,,
各々,,,,,,
オフィス街,,,,,,
(お)坊ちゃん,,,,,,
お盆,,tray,,,,
主,,,,,,
思いがけない,,,,,,
思い切って,,,,,,
思い切り,,,,,,
思い込む,,,,,,
思いっ切り,,,,,,
思いつく,,,,,,
思いのほか,,,,,,
面白み,,,,,,
主に,,,,,,
重み,,,,,,
思わず,,,,,,
親孝行,,,,,,
およそ,,about,,,,
及ぶ,,,,,,
及ぼす,,,,,,
お詫び,,,,,,
恩,,obligation/ debt of gratitude,,,,
音声,,,,,,
温泉街,,,,,,
温暖,,,,,,
温暖化,,,,,,
おんぶ,,,,,,
オンライン〜,,,,,,
オンラインショッピング,,,,,,
オンラインショップ,,,,,,
〜化,,,,,,
〜家,,,,,,
〜界,,,,,,
〜街,,,,,,
会員証,,,,,,
開花,,,,,,
改革,,,,,,
海岸沿い,,,,,,
会計士,,,,,,
解決,,,,,,
解決済み,,,,,,
外交官,,,,,,
外交政策,,,,,,
回収,,,,,,
解消,,,,,,
外相,,,,,,
海水浴場,,,,,,
回数券,,,,,,
快晴,,,,,,
改正,,,,,,
改正案,,,,,,
解説,,,,,,
改善,,,,,,
改造,,,,,,
会談,,,,,,
改築,,rebuilding,,,,
改訂版,,,,,,
開発,,,,,,
回復,,,,,,
外務省,,,,,,
外務大臣,,,,,,
改良,,,,,,
帰す,,,,,,
かえって,,,,,,
顔が広い,,know a lot of people,,,,
顔つき,,,,,,
香り,,fragrance,,,,
顔を貸す,,join/ come along,,,,
顔を出す,,,,,,
価格,,,,,,
化学,,,,,,
科学,,,,,,
科学者,,,,,,
科学的,,,,,,
かかる,,,,,,
書き上がる,,,,,,
書き直す,,,,,,
かく,,to (sweat/ snore/ etc.),,,,
各〜,,,,,,
かぐ,,smell,,,,
家具,,,,,,
〜学,,,,,,
隠す,,,,,,
学生証,,,,,,
拡大,,,,,,
各分野,,,,,,
確保,,,,,,
各方面,,,,,,
革命,,,,,,
学力,,,,,,
影,,,,,,
陰,,behind,,,,
がけ崩れ,,,,,,
駆け込む,,,,,,
掛け算,,,,,,
かける,,,,,,
掛ける,,,,,,
〜かける,,,,,,
過去,,,,,,
家事,,,,,,
貸し出す,,,,,,
果実,,,,,,
かじる,,take a bite out of,,,,
風邪気味,,,,,,
稼ぐ,,,,,,
河川,,,,,,
家族連れ,,,,,,
型,,,,,,
片〜,,,,,,
課題,,,,,,
形,,,,,,
片ひざ,,one knee,,,,
固まる,,,,,,
片道,,,,,,
傾く,,,,,,
固める,,,,,,
肩を落とす,,,,,,
肩を貸す,,,,,,
〜学科,,,,,,
学会,,,,,,
がっかり,,be disappointed,,,,
活気,,,,,,
担ぐ,,,,,,
勝手,,,,,,
かつて,,,,,,
〜活動,,,,,,
活発,,lively,,,,
活躍,,,,,,
活用法,,,,,,
悲しみ,,,,,,
悲しむ,,,,,,
必ずしも,,,,,,
加熱,,,,,,
金遣い,,,,,,
かび,,mold,,,,
株,,stock,,,,
株式,,,,,,
花粉,,,,,,
構う,,,,,,
神,,,,,,
かみそり,,razor,,,,
科目,,,,,,
かゆみ,,itch,,,,
柄,,,,,,
体つき,,,,,,
辛み,,,,,,
刈る,,,,,,
乾かす,,,,,,
川沿い,,river side,,,,
勘,,intuition,,,,
缶,,,,,,
〜官,,,,,,
〜感,,,,,,
考え直す,,,,,,
間隔,,,,,,
観客,,,,,,
環境破壊,,,,,,
環境保護,,,,,,
歓迎会,,,,,,
看護師,,,,,,
患者,,,,,,
勘定,,,,,,
感染,,,,,,
官庁街,,,,,,
監督,,,,,,
看病,,,,,,
管理,,,,,,
管理職,,,,,,
〜機,,,,,,
〜器,,,,,,
気が合う,,,,,,
危害,,,,,,
気が多い,,,,,,
気が重い,,,,,,
気が利く,,,,,,
気が進まない,,,,,,
気が済む,,,,,,
気が小さい,,,,,,
気が早い,,,,,,
気が短い,,,,,,
気が向く,,,,,,
気軽,,,,,,
〜機関,,,,,,
期間中,,,,,,
〜危機,,,,,,
危機感,,,,,,
効く,,,,,,
機嫌,,,,,,
危険性,,,,,,
気候,,,,,,
気候変動,,,,,,
既婚者,,,,,,
岸,,,,,,
記事,,,,,,
技術的,,,,,,
築く,,,,,,
貴族,,,,,,
規則正しい,,,,,,
貴重,,,,,,
気遣い,,,,,,
きっかけ,,,,,,
ぎっしり,,,,,,
きっぱり,,,,,,
起動,,,,,,
気に入る,,,,,,
気に掛かる,,,,,,
気に食わない,,,,,,
気にする,,,,,,
〜機能,,,,,,
気の毒,,,,,,
きびきび,,briskly/ energetically,,,,
寄付金,,,,,,
規模,,,,,,
希望,,,,,,
気まぐれ,,,,,,
気まずい,,,,,,
期末試験,,,,,,
決まって,,,,,,
〜気味,,,,,,
逆〜,,,,,,
客席,,,,,,
球,,,,,,
旧〜,,,,,,
急〜,,,,,,
休暇,,,,,,
急カーブ,,,,,,
休業,,,,,,
休憩,,,,,,
休講,,,,,,
救済,,,,,,
旧市街,,,,,,
急上昇,,,,,,
旧姓,,,,,,
急接近,,,,,,
休息,,,,,,
旧体制,,,,,,
急展開,,,,,,
急テンポ,,,,,,
牛乳パック,,,,,,
急ブレーキ,,,,,,
休養,,,,,,
給料,,,,,,
器用,,,,,,
〜業,,,,,,
教育実習,,,,,,
教員,,,,,,
強化,,,,,,
教科書,,,,,,
競技,,,,,,
競技場,,,,,,
供給,,,,,,
教師,,,,,,
行事,,,,,,
教授,,,,,,
業績,,accomplishment,,,,
競争率,,,,,,
興味深い,,,,,,
行列,,,,,,
許可証,,,,,,
曲,,,,,,
距離,,,,,,
嫌う,,,,,,
気楽,,carefree,,,,
霧,,,,,,
議論,,,,,,
極めて,,,,,,
気を落とす,,,,,,
気を遣う,,,,,,
気を取られる,,,,,,
菌,,fungus,,,,
〜金,,,,,,
金額,,,,,,
銀行口座,,,,,,
金属製,,,,,,
緊張,,,,,,
緊張感,,,,,,
金融界,,,,,,
金融危機,,,,,,
〜具,,,,,,
クイズ番組,,,,,,
食う,,,,,,
空間,,,,,,
偶然,,,,,,
茎,,,,,,
腐る,,,,,,
くし,,comb,,,,
くしゃみ,,,,,,
苦情,,complaint,,,,
崩す,,,,,,
〜崩れ,,,,,,
具体性,,,,,,
具体的,,,,,,
くたくた,,exhausted,,,,
くたびれる,,be exhausted,,,,
くだらない,,,,,,
下り電車,,,,,,
口がうまい,,,,,,
口が重い,,,,,,
口が堅い,,tight-lipped,,,,
口が軽い,,be a blabbermouth,,,,
口が滑る,,,,,,
口に合う,,,,,,
口にする,,,,,,
口に出す,,say,,,,
ぐちゃぐちゃ,,messy,,,,
口を出す,,have one’s say (in an unconnected matter)/ interfere,,,,
苦痛,,,,,,
くっきり,,clearly,,,,
ぐったり,,dead-tired,,,,
ぐっと,,much,,,,
くつろぐ,,relax,,,,
くどい,,long-winded/ greasy/ gaudy,,,,
首にする,,,,,,
首になる,,,,,,
クマ,,bear,,,,
組み〜,,,,,,
組み合わせる,,,,,,
組み込む,,,,,,
組み立て式,,,,,,
組み立てる,,,,,,
悔やむ,,,,,,
くよくよ,,brooding over,,,,
暮らしぶり,,,,,,
グラフ,,graph,,,,
狂う,,,,,,
苦しみ,,,,,,
苦しむ,,,,,,
くるむ,,wrap,,,,
クレーム,,claim,,,,
暮れる,,,,,,
黒字,,surplus,,,,
加える,,,,,,
詳しい,,,,,,
加わる,,,,,,
訓練,,,,,,
軽〜,,,,,,
〜計,,,,,,
敬意,,,,,,
経営,,,,,,
経営方針,,management policy,,,,
経過,,,,,,
警戒,,,,,,
景気,,,,,,
契機,,,,,,
軽金属,,,,,,
軽減,,,,,,
敬語,,,,,,
軽工業,,,,,,
経済危機,,,,,,
計算,,,,,,
計算違い,,,,,,
形式的,,,,,,
携帯電話,,,,,,
携帯用,,,,,,
毛糸,,,,,,
芸能界,,,,,,
軽犯罪,,,,,,
警備員,,,,,,
〜警報,,,,,,
外科,,,,,,
劇場,,,,,,
下車,,,,,,
下旬,,,,,,
下水道,,,,,,
削る,,,,,,
けち,,stingy,,,,
血圧,,,,,,
血圧計,,,,,,
月給,,,,,,
結局,,,,,,
結構,,,,,,
結婚相手,,,,,,
傑作,,,,,,
決して,,,,,,
月末,,,,,,
けなす,,belittle,,,,
険しい,,,,,,
〜券,,,,,,
現〜,,,,,,
謙虚,,,,,,
現金,,,,,,
検索,,,,,,
原産,,,,,,
現時点,,,,,,
研修,,,,,,
減少,,,,,,
現状,,,,,,
建設業,,,,,,
現代語,,,,,,
現代語訳,,,,,,
現代風,,,,,,
現段階,,,,,,
建築家,,,,,,
建築士,,,,,,
限定版,,,,,,
現場,,,,,,
憲法,,,,,,
権力,,,,,,
小〜,,,,,,
高〜,,,,,,
好〜,,,,,,
合意,,,,,,
強引,,,,,,
好印象,,,,,,
豪華,,,,,,
後悔,,,,,,
公害,,,,,,
高学歴,,,,,,
高カロリー,,,,,,
交換,,,,,,
高気圧,,,,,,
好奇心,,,,,,
高機能,,,,,,
公共政策,,,,,,
航空券,,,,,,
工芸,,,,,,
高血圧,,,,,,
貢献,,,,,,
広告,,,,,,
広告費,,,,,,
交際,,,,,,
交際費,,,,,,
子ウサギ,,,,,,
講師,,lecturer,,,,
子牛,,,,,,
交渉,,negotiation,,,,
向上,,,,,,
降水量,,amount of rainfall,,,,
高性能,,,,,,
高速バス,,,,,,
好対照,,good contrast,,,,
交通機関,,,,,,
交通事故,,,,,,
高度,,,,,,
強盗,,,,,,
強盗事件,,,,,,
光熱費,,utility costs,,,,
後輩,,,,,,
紅葉,,autumn color of leaves,,,,
効率,,,,,,
高齢化,,aging (of the population),,,,
超える,,,,,,
コーチ,,coach,,,,
誤解,,,,,,
焦がす,,,,,,
国語,,,,,,
国際欄,,,,,,
国際連合,,,,,,
国立大学,,,,,,
国連,,,,,,
焦げる,,burn,,,,
凍える,,,,,,
心が狭い,,,,,,
心が広い,,,,,,
心を痛める,,,,,,
心を込める,,,,,,
腰掛ける,,,,,,
こしょう,,pepper,,,,
故人,,deceased,,,,
個人〜,,,,,,
個人競技,,,,,,
個人旅行,,,,,,
コスト,,cost,,,,
国家,,,,,,
国会,,,,,,
小遣い帳,,,,,,
こつこつ,,steadily,,,,
骨折,,,,,,
古典,,,,,,
古典的,,,,,,
言葉遣い,,,,,,
子供扱い,,,,,,
子供連れ,,,,,,
好み,,,,,,
コピー,,,,,,
(ご)夫妻,,,,,,
こぼす,,spill,,,,
こぼれる,,overflow,,,,
コマーシャル,,commercial,,,,
コミュニケーション,,communication,,,,
〜込む,,into,,,,
小屋,,,,,,
娯楽,,,,,,
娯楽番組,,,,,,
殺し合う,,,,,,
殺す,,,,,,
今〜,,this 〜,,,,
今学期,,,,,,
今後,,,,,,
混雑,,,,,,
今シーズン,,,,,,
今世紀,,,,,,
献立,,,,,,
昆虫,,,,,,
コントロール,,control,,,,
今年度,,,,,,
婚約,,,,,,
混乱,,,,,,